age,income,credit_score,debt_to_income,delinquencies_2yrs,recent_inquiries,loan_amount,employment_years,default
-1.6919097515188135,2.2090820733766074,0.7979443949376784,-0.09106209777284413,-0.5868626470034906,-0.7984648542742431,2.506390366801105,-0.6877287227310643,1
-1.5519909546598096,0.25240544453439995,0.6235899317058964,-0.6517128647058342,-0.5868626470034906,1.9601469263277485,1.1558031117328995,-0.476324766590652,1
0.6167503966547507,-0.5276265686773177,-0.2367619142798326,-1.0492935062412707,-0.5868626470034906,-0.7984648542742431,1.0975361793143512,-0.23080056944922547,0
-1.3421127593713038,1.037230049916061,-1.3839065604821486,-1.3662301229849603,0.6336489238876509,-0.7984648542742431,-0.9304852370455233,0.587179202613253,0
-0.6425187750762843,-0.0823882592298378,0.2800798915837383,-1.087671025453375,-0.5868626470034906,0.12107240592642077,0.2727933393462763,0.3261367735840986,0
1.2463849825202682,-1.188527130307606,0.4648527146746036,0.6714638609876149,-0.5868626470034906,1.0406096661270847,0.7500519577991701,0.4273782714666092,0
1.6661413730972798,-1.957434281706918,-0.1717992514030368,-0.21157879642144822,-0.5868626470034906,-0.7984648542742431,-0.08784146924629364,0.3368666580083189,0
-0.2927217829287746,0.7245626609588551,0.8813610658941052,1.6909208888811802,0.6336489238876509,-0.7984648542742431,-0.43401358164684656,-0.48770561338827606,0
-0.7824375719352883,-1.0088350083131266,0.6025933454987863,-0.19256199173972036,-0.5868626470034906,-0.7984648542742431,0.6171450480475336,1.0514158504481823,0
0.9665473888022604,0.21985500538115182,0.18879422776844468,-0.008344502296206828,-0.5868626470034906,0.12107240592642077,-1.3453742100703607,0.18188766350407015,1
-0.7824375719352883,-0.21533088277384987,-0.04073556621877248,0.42377250675100214,-0.5868626470034906,1.9601469263277485,0.8892163690605199,-1.066554498886166,1
0.4768315997957468,-1.1355974396009507,-0.7547051134487438,0.2735471990594467,-0.5868626470034906,0.12107240592642077,-0.436704468346823,0.297361165658904,1
-1.5519909546598096,-1.120462001705803,0.7431237064399344,1.8672239046553565,-0.5868626470034906,-0.7984648542742431,-1.1267017513486144,-0.36605862735384737,0
1.596181974667778,0.6726007952318038,-0.931482193968221,0.6641964150550017,1.8541604947787924,-0.7984648542742431,0.9770364508571856,-1.6214335548017045,1
-0.36268118135827654,-1.1955073969268397,0.46995354843337883,0.9131477960023766,0.6336489238876509,-0.7984648542742431,0.9728255810360169,1.887427107476625,0
0.266953404507241,-0.3261209180633085,-0.5747970477991915,-0.913422757224307,0.6336489238876509,0.12107240592642077,0.9044368062882928,-1.2106130145849103,0
-0.15280298606977072,-0.5706727200932571,-0.7356007240354867,0.27726780310191795,-0.5868626470034906,1.0406096661270847,-1.8803932934461876,-0.9602602361274126,0
1.6661413730972798,-1.3458901153278093,-1.408518874643474,-0.3202357302501417,-0.5868626470034906,0.12107240592642077,0.2587664547471357,1.7589752320725092,1
0.4768315997957468,-0.6777882671738703,0.039963923887459674,0.8409859578768594,-0.5868626470034906,-0.7984648542742431,1.2166870195659283,-0.5150689058491521,0
-0.7124781735057863,-0.18797172534671197,-1.781450018192508,0.027546409695719056,0.6336489238876509,1.0406096661270847,0.050228162686665086,-0.5637299770274374,1
-0.5025999782172804,-1.957434281706918,-0.22720079570136653,-1.4083305169111524,0.6336489238876509,-0.7984648542742431,1.3920309807205788,-0.26429678563687636,0
-0.7824375719352883,0.4080277120980536,-0.3759117575992514,0.3572936665905859,0.6336489238876509,0.12107240592642077,-0.006563196683017556,0.16204348275226396,1
-0.5725593766467824,1.2771519171546344,-0.14683690167608193,-0.09474303600601368,-0.5868626470034906,-0.7984648542742431,0.5471143476995693,-1.5743376793980295,0
0.3369128029367429,-0.6502072445185362,0.051190230487163695,0.5949557018056285,-0.5868626470034906,-0.7984648542742431,-1.3073245280136168,0.5454710029439007,0
-1.5519909546598096,-1.6690914195397004,1.0200283016339524,0.4452960346221308,1.8541604947787924,0.12107240592642077,0.8991505936638569,-1.143034609504663,0
1.3163443809497701,0.7111612274709754,1.6855552998056913,1.2463358080704185,-0.5868626470034906,-0.7984648542742431,0.835728195396255,-0.2755887251213231,0
-0.08284358764026876,-0.2809559782056927,-2.451679628769055,0.04402424883135903,-0.5868626470034906,1.0406096661270847,-1.2017713313921263,1.0647354232293078,0
-0.7124781735057863,0.21275026032738975,-0.9831898679112747,0.1912641793289614,0.6336489238876509,0.12107240592642077,0.13484008134787673,0.8091315191020372,1
-1.132234564082798,0.1896921697390169,-1.878222489145689,-2.0218464711548507,0.6336489238876509,-0.7984648542742431,-1.8803932934461876,-0.994646761524924,0
0.7566691935137546,0.675636895173981,0.07883215390795119,0.4940051337604146,1.8541604947787924,-0.7984648542742431,-0.14588437717413386,-0.3628630665306036,1
1.0365067872317624,-1.9174778754566586,0.19911543227648063,0.502566510618789,-0.5868626470034906,1.0406096661270847,0.5941311932100599,1.843768224742269,0
-0.9223563687942922,0.4729420359263993,0.823378748150622,-0.6829151661223976,0.6336489238876509,1.0406096661270847,-0.4448869749050805,-0.289413480846277,0
-1.132234564082798,-0.5381239210393598,1.0724609379234087,1.2015029328022753,-0.5868626470034906,0.12107240592642077,0.3315775343630692,-0.42880879596807103,1
0.40687220136624486,2.23073405861057,-0.038803739855602995,1.2586675892625905,-0.5868626470034906,0.12107240592642077,0.46119323629889825,0.38996623826744464,0
-0.22276238449927266,-0.41757445128343995,-0.13937970848068493,-2.278660678535336,3.074672065669934,1.9601469263277485,0.8866461463245788,0.46647231289769964,1
-0.6425187750762843,-1.6940102542310473,0.35247277085109074,0.38689523141075866,-0.5868626470034906,1.9601469263277485,-0.39711659738867194,-0.5264315116196049,0
-0.43264057978777853,1.6569325747345283,1.6322589572123474,0.244970330030576,-0.5868626470034906,-0.7984648542742431,0.41883988511926,-0.7503469285951087,0
-0.5725593766467824,-1.396699500888082,-0.05479827861284606,0.7236734964883371,0.6336489238876509,1.9601469263277485,-0.40307813040097484,-1.631248131794848,1
0.6167503966547507,0.5376965949538781,-0.4328673310130235,-1.5779968184106345,0.6336489238876509,-0.7984648542742431,0.10018986715988801,0.48299562250256434,0
1.1064661856612643,-0.1473542603550957,0.4530164537605859,0.2507804763159828,-0.5868626470034906,-0.7984648542742431,-1.2706384751820583,0.41910873230736273,1
-0.012884189210766821,-0.19163115081824675,0.655775264287449,-0.10563872079075193,-0.5868626470034906,-0.7984648542742431,-1.708961605892448,1.173897885638452,1
-1.5519909546598096,-0.7389798504388374,-0.7143374595416895,-0.5593085707374253,0.6336489238876509,0.12107240592642077,0.08088967639364099,-1.3329282850856368,0
-1.6219503530893116,-1.957434281706918,0.7963084448720474,-0.8776776885908747,-0.5868626470034906,-0.7984648542742431,-1.8325328100942773,0.3427133110235687,0
0.7566691935137546,1.0354981966741754,-1.4528515697666156,0.12814379023624997,3.074672065669934,-0.7984648542742431,-0.994933176149258,-0.6367898978833738,1
0.6867097950842527,-1.4594619295025297,0.1321605216946656,0.6028972098832814,-0.5868626470034906,-0.7984648542742431,0.657297612450833,0.4665480904073039,1
-0.8523969703647902,0.8023777797281724,1.2932403902915437,0.18281530109325295,-0.5868626470034906,0.12107240592642077,-0.09065438344840472,1.606010039049948,1
1.526222576238276,-1.2622293854784763,0.15657628971020035,-0.18668768226842772,-0.5868626470034906,-0.7984648542742431,-0.2101896229612625,1.2233570329829626,0
0.12703460764823707,0.4467566569004032,0.30653542946071,0.038993462325782366,-0.5868626470034906,1.9601469263277485,2.2979314107369,-0.7468141553036396,1
0.4768315997957468,0.07897456836081282,-1.0377845907233754,-0.016540112639166354,3.074672065669934,1.0406096661270847,0.05729999041572977,-0.7939217732853836,1
0.6167503966547507,-1.326048546318465,0.7265505625388435,-0.3688451176086834,-0.5868626470034906,1.9601469263277485,-0.5569939379834584,1.4441650903830296,1
1.3163443809497701,0.3776296396523149,0.45461989300922456,1.6871994279686773,0.6336489238876509,-0.7984648542742431,-1.8803932934461876,0.9513020962353617,0
0.196994006077739,0.9837832569258833,1.7922300279986634,0.2170021231024436,-0.5868626470034906,1.9601469263277485,0.6163577511817547,0.8085644879241516,0
1.526222576238276,1.0864709421480727,0.005184274620672042,0.4031888633859363,-0.5868626470034906,-0.7984648542742431,1.9257123069128113,-1.0039211949613984,0
-1.6219503530893116,-1.5960978236386536,-0.9172424962061901,-1.3359838506011013,0.6336489238876509,1.0406096661270847,1.5068627005042736,1.3517363036908605,1
0.05707520921873513,-0.2462002250149744,-0.5716492841600607,-0.04098671721044275,-0.5868626470034906,1.0406096661270847,-0.1906026019620458,-0.6220696457308196,0
1.1764255840907663,-1.957434281706918,0.43549006385409134,0.7781013446130487,-0.5868626470034906,-0.7984648542742431,-0.3148238631230568,0.2605060676452062,1
-0.08284358764026876,-0.9360037747677764,0.40627426886040435,-1.2992288045103604,-0.5868626470034906,1.9601469263277485,-1.393785882027924,0.1480320076956749,0
-1.5519909546598096,0.36704210094934786,-0.1358928653529131,-0.9022838119108048,-0.5868626470034906,-0.7984648542742431,-0.9368903188301572,0.03017692847005854,0
-1.062275165653296,1.8319987092993897,-0.439936900313825,-0.5204779120138239,0.6336489238876509,-0.7984648542742431,-0.06416297790890635,0.6236997154269933,0
-0.7824375719352883,-0.7883256858124763,-0.929763367353758,0.9405139728402961,-0.5868626470034906,-0.7984648542742431,-1.1199628905712655,-1.4636524669734092,1
1.2463849825202682,0.024036014495337064,1.5391392901417098,1.7700178570768101,-0.5868626470034906,0.12107240592642077,-0.5718894199427311,-1.4329567043551716,1
0.05707520921873513,0.18708437589847324,-0.376243871949165,0.8605876132516657,0.6336489238876509,-0.7984648542742431,-1.1020074720843125,-0.7404946825445495,1
-1.6919097515188135,-0.4355415568398195,0.7341858289930794,1.0875250155709462,-0.5868626470034906,2.8796841865284124,-0.09936449569203111,-0.09893184106476154,1
-1.3421127593713038,-1.2295544056484593,-0.5130488213793015,-0.7863760461014184,-0.5868626470034906,1.9601469263277485,0.08234979891005648,-1.4139899586924156,1
1.386303779379272,0.30402221228850373,-0.7206784290155461,0.21111024925804292,-0.5868626470034906,1.0406096661270847,1.337099587211771,0.04961546847861989,0
-0.9923157672237941,-1.3035384955067815,1.2640346020798268,0.1786070740158948,1.8541604947787924,-0.7984648542742431,-1.5050018495674793,-1.2346527799530764,0
-1.4120721578008057,-0.5408859095221561,0.928253866065475,-1.385305131361709,-0.5868626470034906,1.9601469263277485,-1.6172138065137334,-0.377000744337862,0
0.4768315997957468,0.08138072518883928,-0.022038740697137665,1.297732101271426,-0.5868626470034906,-0.7984648542742431,0.03946731842297677,0.20568435216239334,0
-1.4820315562303077,0.050041054212218654,-1.0795924794372191,1.0033681403600927,-0.5868626470034906,0.12107240592642077,0.6987443114628668,-0.31551825605951883,1
1.526222576238276,-0.9291765070413371,-0.6610818459308335,-0.6056761867311752,-0.5868626470034906,-0.7984648542742431,-1.1214853784830057,0.016030304135783803,0
-0.08284358764026876,-0.03465144138338016,0.2745685622017202,-0.4878878778311836,-0.5868626470034906,0.12107240592642077,0.10785789603341508,0.8286510267495599,0
1.386303779379272,0.021485685971949796,-0.8461310093039867,-1.098057114211684,0.6336489238876509,1.0406096661270847,0.9261184403575745,-1.0360058789345854,0
-1.6219503530893116,-0.12589330563533666,-1.0509034547012868,0.33957234466275565,1.8541604947787924,0.12107240592642077,0.6257964286485174,-0.1200956249907509,1
-0.6425187750762843,-0.25057788220766447,-0.2617671758999277,-0.015055658885640248,-0.5868626470034906,-0.7984648542742431,0.973996942717289,0.6241701595401343,0
-1.6219503530893116,-0.22480326984962656,-0.21076714504644642,-0.03344262168491484,3.074672065669934,-0.7984648542742431,2.035138958333246,0.36287162065161604,1
-1.2721533609418019,-0.11011811819832024,-0.663225927841686,0.010906117958665154,0.6336489238876509,-0.7984648542742431,1.0584472286915778,-0.012692564461599488,0
-1.4120721578008057,-1.2412139786202856,-0.834410977518388,-0.4053796172548932,-0.5868626470034906,2.8796841865284124,-0.44351610129378477,0.013100385541320463,1
-0.8523969703647902,0.09993323769441623,-0.4212193526924517,0.15887236585603234,-0.5868626470034906,-0.7984648542742431,-1.8441429291690656,0.3937465186776042,0
-0.8523969703647902,0.6192727321881947,0.353011129462294,0.22979007981416705,-0.5868626470034906,-0.7984648542742431,-0.858078640600723,-0.3287770563054168,0
0.05707520921873513,1.0883119852289156,0.23328001827210193,0.7990538483791241,-0.5868626470034906,0.12107240592642077,1.4629163397173819,0.8729785765419378,1
1.0365067872317624,0.6496110965478761,-0.5113302458019752,-0.032262749598676435,-0.5868626470034906,1.9601469263277485,1.9685727035186102,-0.1956963777616831,1
1.386303779379272,0.6244286587743179,-1.0264612683442709,2.057779677110095,-0.5868626470034906,1.9601469263277485,-0.7515936270373088,1.8323588905024197,1
0.4768315997957468,0.5195510689174068,-0.2113045046717346,0.40715813228646064,0.6336489238876509,1.0406096661270847,-1.0856680837889392,-0.7971045552309058,0
-1.2021939625123,0.8918606373371439,0.17185117464641578,0.5130383797083188,-0.5868626470034906,-0.7984648542742431,-0.23645301751178815,-0.1996380255848541,1
-0.15280298606977072,2.366851674072666,1.250060557649494,-0.05612984865848176,-0.5868626470034906,-0.7984648542742431,0.060342770708727594,0.8517869737855734,1
-0.9223563687942922,-1.1179148251179107,1.3849193801476893,0.22974478533671863,-0.5868626470034906,-0.7984648542742431,-1.8533501065961793,-0.8807268238332431,0
-1.6919097515188135,1.6641395247157158,-0.4742073152927966,-0.36683281772444165,0.6336489238876509,-0.7984648542742431,-0.5353731652104721,-0.704504051124707,0
0.7566691935137546,0.3994781522721216,1.0686580632429565,0.5552491276820344,-0.5868626470034906,-0.7984648542742431,0.6007233869778732,-0.22357627738631808,0
-0.36268118135827654,-0.7720288235471994,-0.5523218893424267,-1.3322217064294692,-0.5868626470034906,0.12107240592642077,1.272305648057009,-1.2774864756002613,0
-0.7124781735057863,-0.37601896503783255,-1.6075236441582934,0.2077737843978139,-0.5868626470034906,0.12107240592642077,0.3920385034925863,-0.340385793269253,0
-0.5025999782172804,-0.42923273202563,-0.9132531291246376,0.6687197475134238,-0.5868626470034906,-0.7984648542742431,-0.18587895469663046,0.15209370003855593,1
0.196994006077739,0.10394472471306489,0.08465046843982567,-0.17471930600409977,-0.5868626470034906,-0.7984648542742431,0.7695978447886983,0.2124824395075712,0
-0.9223563687942922,-0.8805168675120072,2.07705835845871,-0.8636936438713472,-0.5868626470034906,-0.7984648542742431,0.07424990496216474,-0.6918461716149146,0
-0.43264057978777853,-0.019329369142903223,0.289482420972242,1.0384130631359145,1.8541604947787924,-0.7984648542742431,-1.2325042821176637,0.019933781552864478,1
-0.15280298606977072,1.0967167168919614,-0.5401666498440668,1.2385716494418746,-0.5868626470034906,2.8796841865284124,-1.8803932934461876,1.0149234305854975,1
0.266953404507241,-0.5349852947982583,-0.03032003830130184,-0.7601054225454608,0.6336489238876509,-0.7984648542742431,1.162757086877124,1.0663265798891914,0
-0.22276238449927266,-0.53018731202413,-0.1335801383007581,-0.09100624827463073,0.6336489238876509,2.8796841865284124,-0.9946484031878072,-0.5295618274770836,1
0.05707520921873513,0.8966263713436744,-0.22641370335570657,-1.9520219771810594,-0.5868626470034906,-0.7984648542742431,-1.8803932934461876,0.7206964621318487,0
-0.15280298606977072,-0.6403220854403532,1.2563354337894967,-0.9485981176082283,1.8541604947787924,0.12107240592642077,-0.09292469283605509,0.7073171184202818,1
0.5467909982252488,-0.6889768790354328,-0.4843783317155963,-0.26137560668744597,-0.5868626470034906,-0.7984648542742431,-0.14978707520511578,-0.2530056540326912,1
0.5467909982252488,0.38289862302127914,1.689124434976112,-0.15303811289090788,-0.5868626470034906,-0.7984648542742431,-0.6306745699205323,-0.25248733748365704,0
0.7566691935137546,1.0284232767038826,2.0411272375563847,0.18593491516742508,3.074672065669934,0.12107240592642077,0.8158926551217669,-0.7010121725273732,1
0.7566691935137546,-1.004981714116708,-0.8491344135482296,0.9442129191074059,1.8541604947787924,-0.7984648542742431,-0.1553836237707327,0.6683806034870658,1
0.3369128029367429,0.7749850345806464,1.4826749469409701,-0.19308390352585317,-0.5868626470034906,1.0406096661270847,-0.8567889275507392,-0.20431064301608365,0
0.6167503966547507,-1.6128197337595167,0.592122764260722,-1.660682283330826,-0.5868626470034906,1.9601469263277485,0.46052290836558274,-0.2895887308311955,1
-0.9223563687942922,-0.2856147376441051,0.0072838106193233755,1.3051065286678385,-0.5868626470034906,0.12107240592642077,0.16255739375025693,-0.1771319510605086,1
-0.15280298606977072,-0.3490532536919688,-1.6861882109940323,1.220957464395533,0.6336489238876509,0.12107240592642077,-1.8803932934461876,0.5652708571400512,0
0.4768315997957468,-1.3985179393667286,0.42268882919727,0.6551288025636762,-0.5868626470034906,-0.7984648542742431,0.8442003329829607,0.8800191742336635,0
1.1064661856612643,0.9048679257933616,-0.7762256226387227,0.04760036923443841,-0.5868626470034906,0.12107240592642077,-1.3191377884158833,0.4243786071682209,0
-1.3421127593713038,0.5370296222709565,-0.7571215666549358,-0.17382176757146336,-0.5868626470034906,-0.7984648542742431,-1.8803932934461876,1.450947726937208,0
-1.5519909546598096,-1.636029114870637,-0.16701019024536612,-0.14262606762837668,1.8541604947787924,0.12107240592642077,0.6102512732563555,-0.6229046000516392,1
1.1764255840907663,-0.8117641394516492,0.43978227327500075,2.352673108938808,-0.5868626470034906,0.12107240592642077,1.4318301659162456,-1.226259675770876,1
-0.9923157672237941,-0.6499315128601311,1.062639920498568,-0.06892582492279994,-0.5868626470034906,-0.7984648542742431,-1.0910197861318116,0.7620391950571748,0
0.7566691935137546,-0.8736643933939251,0.7128092155261201,-0.5734101734425078,-0.5868626470034906,-0.7984648542742431,-0.14456337579548925,0.3271471196047837,0
0.7566691935137546,-1.2289799854294197,-1.2811744859469678,-0.4946655033392427,-0.5868626470034906,0.12107240592642077,-1.8606885733626612,-1.631248131794848,0
-0.22276238449927266,0.11387410630300948,-1.6834468024552303,-0.3264971746851843,-0.5868626470034906,1.0406096661270847,-0.47836956566330313,0.89190694070761,1
1.386303779379272,1.2149072831681162,0.7771748633002528,-0.9951579779520389,-0.5868626470034906,1.9601469263277485,-0.08673801480052644,0.694386904152086,0
-0.22276238449927266,-0.2353113642176755,-0.3791616162414974,0.6358285359744257,-0.5868626470034906,-0.7984648542742431,-0.1742054007763246,-1.0277628964730523,0
1.596181974667778,0.4295586150198285,-1.0106245819606523,0.1625962413222299,-0.5868626470034906,-0.7984648542742431,-0.5336507052129928,1.3458583170020844,0
-0.08284358764026876,0.2553158856953546,0.31004292167965525,-1.3590410930942296,1.8541604947787924,-0.7984648542742431,-1.8803932934461876,0.21281868476579016,0
-0.5025999782172804,-1.094497357814772,-0.02906504628412333,1.4609226772722907,-0.5868626470034906,-0.7984648542742431,0.1349429358043099,0.2518428318506641,1
0.5467909982252488,-0.6115992744901384,0.5958328650716462,0.5382735962634185,-0.5868626470034906,-0.7984648542742431,0.1524781170583683,0.04459344701447429,1
-0.5725593766467824,0.7146681737643104,-0.5953549878626524,-0.8061390944580665,-0.5868626470034906,-0.7984648542742431,-0.49176760126849883,1.2811397303532592,1
0.7566691935137546,-0.534704863121155,-0.037924318065014,0.872435718883307,-0.5868626470034906,-0.7984648542742431,0.2640183159150764,-0.39259035605126463,1
0.5467909982252488,-0.501140923113566,-1.1004943246552152,-0.8241217358388944,-0.5868626470034906,0.12107240592642077,-0.6314437018372177,0.5372814157159878,1
1.0365067872317624,0.8419994877923592,1.1414281838458318,0.8662729078753216,1.8541604947787924,-0.7984648542742431,0.8399743414995686,-0.6524581400927084,1
1.596181974667778,0.30997662473976767,-0.40216681575059016,-0.3551875197166995,-0.5868626470034906,0.12107240592642077,-0.4921954648283546,-0.6371850610038007,0
-0.5725593766467824,0.5592081663610458,0.03419797471278918,0.35150959305666607,1.8541604947787924,1.0406096661270847,-0.43717147686250096,0.40612969701352225,1
1.3163443809497701,0.45362515296920974,-1.4024654964134886,1.0256268123466925,-0.5868626470034906,-0.7984648542742431,-0.2792898175131909,0.4809608268030105,1
1.526222576238276,0.8998344907703388,0.9282863047326404,-0.20678987641250776,-0.5868626470034906,1.0406096661270847,-1.4636195767312166,-1.0176232217902594,0
1.6661413730972798,1.3291898617847822,0.15490873021752996,-0.14527156998083246,-0.5868626470034906,2.8796841865284124,0.3974353549245969,1.3692731007643821,1
1.2463849825202682,-0.9324644261342531,0.21178666598609258,-0.7272926412880167,0.6336489238876509,0.12107240592642077,-0.18097018510784058,-0.5312966483359295,0
-0.7824375719352883,1.4867774909501457,-0.7877047745261379,0.7793135937343623,-0.5868626470034906,0.12107240592642077,-0.9678084843014627,0.43367923947009585,0
1.1764255840907663,-1.1386012495789983,-0.8375289315407243,0.050665447443715254,-0.5868626470034906,-0.7984648542742431,-1.8803932934461876,0.8588030720408177,0
-1.132234564082798,0.19594613232191194,-1.6958958329637204,0.7442066487775151,0.6336489238876509,0.12107240592642077,0.5629859104367341,-0.29348878496459413,0
1.386303779379272,-0.42177565635005926,0.6726811583498195,0.5432234095442143,-0.5868626470034906,1.0406096661270847,0.04411691194062888,-1.631248131794848,0
-1.062275165653296,-1.3474453600774463,2.301629434345069,-0.1480044032180841,0.6336489238876509,0.12107240592642077,1.2723584288513525,0.08375417210831479,0
1.3163443809497701,-1.0346495581977455,0.3324962085251312,-2.278660678535336,-0.5868626470034906,1.9601469263277485,-1.1528159273782088,-0.21603835891423048,0
1.596181974667778,1.489445649918677,0.7584787950116171,0.9015656155927922,-0.5868626470034906,-0.7984648542742431,-1.062981495928573,1.9390573751212852,0
1.386303779379272,1.259952665691783,-0.19697362297049728,1.5338800931146161,-0.5868626470034906,-0.7984648542742431,-1.0053307694916533,0.9014428065493962,0
0.5467909982252488,-0.33447617440841426,2.1432100035154495,2.4021335457690514,-0.5868626470034906,0.12107240592642077,1.2593696481223067,-1.4042982840392282,0
0.7566691935137546,-0.3530797093734807,-0.34248122743941956,-0.5440744796979169,-0.5868626470034906,-0.7984648542742431,0.46257359807163156,0.21685243859213427,1
-0.2927217829287746,0.2413967944055046,0.7542167678368338,-0.9055077218419348,0.6336489238876509,-0.7984648542742431,0.6228168433617763,-1.5209189922427058,0
-0.9223563687942922,1.7535736826946395,1.1242388811087711,-1.488188152035037,-0.5868626470034906,-0.7984648542742431,-0.07720442211282297,0.12701947933785843,0
0.7566691935137546,-1.3239047743183978,-1.7810794570843178,-0.44891588571214325,-0.5868626470034906,1.0406096661270847,-0.3810631238739148,1.3986326012167227,0
-0.6425187750762843,-0.35356752114647566,1.3879506617870188,-1.294739183291368,-0.5868626470034906,1.0406096661270847,-1.1330142063239579,1.2567675284448407,1
1.0365067872317624,-0.31543537426827206,1.5155177246467593,-0.45209837468678826,-0.5868626470034906,-0.7984648542742431,-1.0193464034101192,-1.3750659004038344,1
-1.6919097515188135,0.7775986552119858,-0.1858677005320016,-1.0086938062493984,-0.5868626470034906,-0.7984648542742431,0.043205955823088456,0.9854527882603458,0
1.526222576238276,-1.957434281706918,0.8268613749174026,1.9720370799369,-0.5868626470034906,-0.7984648542742431,1.1253772560626707,0.028011994941466337,1
0.8965879903727585,1.6196400280962189,-0.7831776302460963,-1.3055586723140031,-0.5868626470034906,-0.7984648542742431,-0.5797715897414324,-0.4021245736570718,0
-0.36268118135827654,0.4425002060167353,-0.8995218223789699,-0.5489201448159579,0.6336489238876509,-0.7984648542742431,0.32610520638516816,0.9395501690547486,0
-1.5519909546598096,0.2905157994154155,-1.653511261745844,-0.35891356641957356,-0.5868626470034906,-0.7984648542742431,1.414994369770197,0.5029307062065053,0
0.266953404507241,-0.9301564201504402,0.5685859973940076,1.1914086179369892,-0.5868626470034906,-0.7984648542742431,0.42619647889963386,0.3058838609330375,1
0.6867097950842527,1.0560815303737552,-0.06498936052715683,-0.5190937063479573,-0.5868626470034906,-0.7984648542742431,-1.8803932934461876,0.4904220087678989,0
0.3369128029367429,-0.7925493350636983,1.2368198113799904,0.7775634460830368,-0.5868626470034906,1.0406096661270847,-1.4937584121083236,0.2270202682532995,1
-1.062275165653296,-0.8690531285743993,-0.33031760951663053,0.20822114367758582,-0.5868626470034906,0.12107240592642077,0.25379260832949746,0.29528526254221316,0
1.526222576238276,-0.8585246070165861,0.9319694119451322,-0.28122314490499645,-0.5868626470034906,0.12107240592642077,-0.09739625323517445,-1.631248131794848,1
0.5467909982252488,-0.964907050656039,0.004897141397924721,0.6532605982729474,-0.5868626470034906,-0.7984648542742431,0.18146162968611923,-0.12136455443517195,0
-1.2021939625123,0.8024864136699318,-0.6584804926310001,-1.140628176213089,-0.5868626470034906,-0.7984648542742431,0.33671375732318615,-1.1575897286708297,1
0.12703460764823707,0.02357692397578273,-0.2669974794709077,0.07631369331057447,-0.5868626470034906,1.0406096661270847,1.189188459949196,-1.631248131794848,1
-1.5519909546598096,0.6506593597156628,2.0173830742118404,-0.06587483046561586,0.6336489238876509,1.0406096661270847,-1.8803932934461876,-0.49596078959226664,1
0.4768315997957468,1.512526522640608,-0.759428128822641,0.028700123961575383,-0.5868626470034906,0.12107240592642077,-1.5864385415560782,-1.2154586547381205,1
0.266953404507241,0.06214800380017566,0.42839168646437875,1.1014955380034055,-0.5868626470034906,-0.7984648542742431,0.3501137747481525,0.007346257592235441,0
-0.012884189210766821,0.10502543865668813,-0.6187810493977013,-0.8624916424688407,0.6336489238876509,-0.7984648542742431,0.8196047624861627,-0.8908167499968637,0
0.05707520921873513,0.0664351920330621,0.16710605661236003,0.6656315042254215,1.8541604947787924,-0.7984648542742431,0.14284087156708491,-1.0175467158918483,1
0.8266285919432566,0.4867179757639175,0.36063402917803855,0.375892542457823,-0.5868626470034906,-0.7984648542742431,1.3861843778616871,0.6662724757097688,1
-1.3421127593713038,-1.54355716723415,0.3929313211886872,1.2384479846936851,-0.5868626470034906,-0.7984648542742431,0.5042530430544246,-0.7032464557943828,0
-0.36268118135827654,0.4763691721095462,-1.3274187314156995,0.12022143261268513,-0.5868626470034906,1.9601469263277485,-0.9474049894879962,-1.5315862842027084,1
-1.2721533609418019,0.1057811748850356,1.9568177720972657,0.6980753784179716,-0.5868626470034906,-0.7984648542742431,0.9026647537651916,0.26536229864269495,0
-0.6425187750762843,0.6756201480614111,-0.4482172392339201,-1.1295307717706093,1.8541604947787924,1.9601469263277485,-1.2102601960338901,-1.3123063264072679,1
0.40687220136624486,0.17355128723872673,1.2255804873307783,-1.2171629890427433,0.6336489238876509,-0.7984648542742431,-1.0787213510913871,2.26136471337366,0
-0.08284358764026876,-0.7706278270645063,0.5335642095922023,-0.6001925589641959,-0.5868626470034906,-0.7984648542742431,0.09386916692551432,1.0054333321214932,1
-0.7824375719352883,0.4090926156106387,0.9608644194494719,-0.17477017582884166,-0.5868626470034906,-0.7984648542742431,0.5176366214422723,0.18178378039230222,0
-1.4120721578008057,-1.4310770253714458,-1.1540429773184433,-0.3996421228294337,-0.5868626470034906,1.9601469263277485,0.9372404357424337,-0.22495407823249763,0
-1.2021939625123,-0.877863849267774,0.8529936933542878,2.586378219088665,-0.5868626470034906,-0.7984648542742431,-1.0627070958670146,-1.4115581628233036,1
-1.2721533609418019,0.12223583582742226,-1.051292835834372,1.5416751258788062,-0.5868626470034906,0.12107240592642077,0.9101158960557351,-1.0883894292374265,1
-0.7124781735057863,-0.2223364319709892,0.43872215913038504,-1.8615292341401353,-0.5868626470034906,-0.7984648542742431,-0.07206497969564137,-0.7445473455580497,0
0.9665473888022604,-0.1402701334430425,-0.14487384510325987,0.5983937687645109,0.6336489238876509,-0.7984648542742431,0.16374070722859727,0.35559732947879497,0
-0.012884189210766821,1.5681818282476894,0.11303931597528644,0.6437270369975568,-0.5868626470034906,-0.7984648542742431,0.46857646042270784,-0.7092574250639924,1
1.386303779379272,0.5954573504419389,0.05791587102923032,-0.1774426219292533,-0.5868626470034906,-0.7984648542742431,-1.8803932934461876,-0.6414025886542282,0
1.3163443809497701,-1.5461878424116793,1.183317452140385,-0.1288758383424403,-0.5868626470034906,1.0406096661270847,-0.060584669284216165,-1.470514174265545,1
-0.012884189210766821,-1.4011763555075631,-0.45061157493899984,1.7279118267481879,-0.5868626470034906,1.0406096661270847,0.4969049335698183,1.4218232625971052,1
-0.22276238449927266,-0.7533507041208655,-0.5088782518959252,0.20277640517638362,0.6336489238876509,-0.7984648542742431,-0.3644658460758902,0.08032369516343335,1
0.3369128029367429,-0.7429788029323915,0.22717594191782758,0.7248014150404516,-0.5868626470034906,0.12107240592642077,-0.26656003807481327,-1.3221213755481847,1
-0.43264057978777853,0.2594551724498835,0.7017739009634619,0.23142543822157394,-0.5868626470034906,-0.7984648542742431,-0.8972974632384103,-0.05630354477771249,0
-1.3421127593713038,1.0136411274858312,0.8959088112868531,0.16440220236353537,-0.5868626470034906,-0.7984648542742431,-1.8803932934461876,-1.631248131794848,0
-1.132234564082798,-0.383536186005073,0.9562331100151795,0.3126634042601653,-0.5868626470034906,2.8796841865284124,-0.4611927306428256,0.23613663885481756,1
0.3369128029367429,-0.33829509908198685,-0.8732195568506607,-1.7396544787470156,0.6336489238876509,0.12107240592642077,-0.05752381535291151,0.4781829823098249,0
1.3163443809497701,-1.19952422536758,-1.4253216638268957,0.7666750944015577,1.8541604947787924,0.12107240592642077,-1.8803932934461876,1.0588937345469833,1
0.05707520921873513,0.8161629154566074,-0.6839008954548399,-1.2579457449151679,-0.5868626470034906,1.0406096661270847,-0.16831307635365333,-0.2608419332269862,1
-0.5025999782172804,0.22406870404967494,-2.471340386834012,-0.36711563157424737,-0.5868626470034906,-0.7984648542742431,-0.3150766010284531,-1.631248131794848,0
0.7566691935137546,0.9542284339170658,1.137577259484486,-0.018774595987873937,-0.5868626470034906,1.0406096661270847,0.0246443300576703,0.4151122494893513,0
1.596181974667778,-1.957434281706918,-2.0317981140549994,0.9728211867899597,3.074672065669934,1.9601469263277485,0.9059603096572689,-1.5760193452624098,1
0.5467909982252488,-0.43975741136612934,1.5790370671824208,-0.43249707807108845,-0.5868626470034906,1.0406096661270847,1.9252170825236385,0.7021043348602393,0
1.596181974667778,-1.6266014087693652,0.30159176815801775,-0.2603885026588424,-0.5868626470034906,-0.7984648542742431,1.394638077630155,-0.3683698049794632,1
-0.5025999782172804,0.05162877714719304,-0.33579848485168556,-0.6772312454301658,-0.5868626470034906,-0.7984648542742431,-0.5108711830414836,0.19866498062644922,0
-1.5519909546598096,-0.7184043183842531,-0.3306741809350068,-2.278660678535336,3.074672065669934,1.9601469263277485,-0.8461866291877899,0.6403956847412436,1
-0.2927217829287746,0.702336356846838,1.0151105990402751,-0.5902267236310619,-0.5868626470034906,1.0406096661270847,0.04941058790527554,0.04384910284351898,0
-0.08284358764026876,-0.26132013162901047,-0.9433111199757925,1.548952493462029,-0.5868626470034906,0.12107240592642077,0.06756058597487707,0.24785951169461692,0
1.6661413730972798,0.13481283321103502,-0.36598475032072714,0.6083090872991124,1.8541604947787924,1.9601469263277485,-1.1781168956203927,-0.35503569389775363,1
0.4768315997957468,2.5483256855298277,-0.88456328870614,0.06960417407517368,1.8541604947787924,1.9601469263277485,-0.5315236630595829,-0.24744658547042112,0
0.12703460764823707,-0.8691581357315982,-1.7873437191009969,0.11639877381261668,-0.5868626470034906,0.12107240592642077,-1.116795061278129,-1.631248131794848,1
0.6167503966547507,-0.4552772034242325,-0.07832487979264102,-0.2529817485448882,-0.5868626470034906,-0.7984648542742431,-0.7849063568937046,-1.5652517151654801,1
0.05707520921873513,-0.7280652680483284,0.6903188812425992,0.6164152170631587,-0.5868626470034906,-0.7984648542742431,-0.7231901225898959,0.06134405031008535,0
-0.6425187750762843,-1.9074684654299503,-0.16190382890716276,-0.005416977988847324,-0.5868626470034906,1.9601469263277485,1.526521225569482,0.537462828769107,0
1.386303779379272,-0.4604977111710403,-0.8272745933455345,1.961355158418392,0.6336489238876509,-0.7984648542742431,0.40199535207277204,-1.631248131794848,0
-1.132234564082798,-0.23367588818202434,0.7061076315968247,0.7240688014934481,-0.5868626470034906,-0.7984648542742431,1.6932047523155542,-0.7217777426870482,1
-0.08284358764026876,0.2811703673788822,-0.5323859866801046,0.6163907502608648,-0.5868626470034906,0.12107240592642077,-1.0532899468483052,0.3292748739350181,0
-0.5725593766467824,0.6670816840341056,-0.27142447767501565,-0.5492119760864874,-0.5868626470034906,1.0406096661270847,-0.44494783028758567,0.43792566831002633,0
-1.4120721578008057,-1.3399173059490819,-1.1127509849185657,0.6480642855613594,-0.5868626470034906,1.9601469263277485,-0.20112821141465198,0.418173542750647,1
1.1764255840907663,-0.5657602574063227,0.2616730749643704,0.8183816898643835,-0.5868626470034906,0.12107240592642077,0.2599578733910157,0.11040225629194078,0
-0.012884189210766821,0.6070520840174054,0.42349773211936725,0.5130687260515551,-0.5868626470034906,-0.7984648542742431,-1.8803932934461876,1.4069140214765874,0
-1.6219503530893116,-0.07984074956652436,0.5557282925493371,-0.85446817029872,-0.5868626470034906,1.0406096661270847,0.8851461296971244,0.371547318722823,0
0.7566691935137546,-0.4995516518042754,-0.7835879026425525,0.9108135190834016,-0.5868626470034906,-0.7984648542742431,-0.20055846985878087,-0.2004906205607753,0
0.6867097950842527,-0.01934501274497079,1.1966966719744678,-0.5414078798728752,-0.5868626470034906,-0.7984648542742431,0.818739343955138,1.0744104361075075,0
0.6867097950842527,-1.019455325737694,0.2021908222816474,-0.18167607124669133,-0.5868626470034906,-0.7984648542742431,-0.2798445812269885,-0.3930955116546988,1
-0.7824375719352883,1.390479369400498,0.016181979371467273,-0.9207985288827117,-0.5868626470034906,0.12107240592642077,1.4200842883814695,-1.2022973069237766,0
-1.2021939625123,1.0477481535783164,0.0946484184870947,0.5495104550291019,-0.5868626470034906,-0.7984648542742431,-1.8803932934461876,-0.8702741158794615,0
-0.5725593766467824,0.998042744699623,-1.0868931366694863,0.8983001908031906,-0.5868626470034906,-0.7984648542742431,-0.24329875188422692,-0.5325079459757418,0
-0.7124781735057863,0.05380307417132585,-0.7374706182774756,-1.4053569471400593,-0.5868626470034906,-0.7984648542742431,0.5500415520799171,-1.631248131794848,0
-0.7124781735057863,-0.07804532238909685,0.7464814415308376,0.14041769664255596,-0.5868626470034906,1.0406096661270847,0.06647593817275124,1.0383949037151377,1
-1.062275165653296,0.23998626891716904,1.3090283350959573,0.1401962991554309,-0.5868626470034906,-0.7984648542742431,0.23538406886443491,-0.6080466689065778,0
0.12703460764823707,0.8871768292699277,-0.3976705069819306,1.05818527531204,0.6336489238876509,0.12107240592642077,1.437398688215378,-0.08276303578000511,0
-1.2021939625123,-0.0840263694557492,0.2843196594247718,-0.22934210869152694,-0.5868626470034906,-0.7984648542742431,1.1296666044306254,-0.8243773422467954,1
1.0365067872317624,0.11474443950775082,-1.3028305140343175,0.05098939531323636,-0.5868626470034906,-0.7984648542742431,-0.5479841825419055,0.9754118822891835,0
-0.9923157672237941,1.2274167301094048,-0.004400634400739939,0.29928170891026074,-0.5868626470034906,1.0406096661270847,-0.3280630224534777,0.6829983229956487,0
0.05707520921873513,0.3173855530338629,-0.010876531198283136,-1.159964081449565,0.6336489238876509,1.9601469263277485,-0.7682552840712307,0.5673889543793035,0
-0.6425187750762843,3.126254489140766,-0.6278220970557697,0.09695892312021163,-0.5868626470034906,1.0406096661270847,-0.33550988531753034,0.10636755754540153,0
-0.9223563687942922,0.559584112871336,-0.43017341279984933,-1.260688802178981,-0.5868626470034906,0.12107240592642077,1.1160322608110456,-0.26826372385679964,0
-0.6425187750762843,-1.3572878107575561,0.4584302063888128,-1.5396266464504782,-0.5868626470034906,-0.7984648542742431,-0.5357659814308693,1.0453765250093119,0
0.05707520921873513,0.618124832642309,0.26514128339395804,-0.17636259575239074,-0.5868626470034906,0.12107240592642077,0.9273226945980517,0.5840276823438295,0
-1.4820315562303077,-0.5047219960603422,0.2571353155137378,-2.278660678535336,0.6336489238876509,0.12107240592642077,1.2217993528509543,0.42204270765509333,0
0.9665473888022604,0.7796267380898455,-0.40744594027798176,0.21132741013757947,-0.5868626470034906,-0.7984648542742431,0.9310105384840597,0.8424883895247851,0
1.0365067872317624,-0.7678867748441892,0.9762953132249336,0.431232680365722,-0.5868626470034906,1.0406096661270847,-0.9537391900431469,-1.1731540031232193,1
1.456263177808774,0.6129889497043197,-0.46281997549285875,0.9580611625937268,0.6336489238876509,0.12107240592642077,1.2940462095962275,-0.5213389948386101,1
-0.9223563687942922,-0.5288583429021082,-0.24345164236402558,1.9528012395529484,0.6336489238876509,-0.7984648542742431,0.8664152992820897,-1.2438617969082857,1
-1.2021939625123,-0.33777568831970606,-0.9768754376672991,-0.0038556606975687613,-0.5868626470034906,0.12107240592642077,1.1964662866567952,-1.1225285790201907,0
-1.2021939625123,0.08518967106067901,-1.4805125611125582,-0.8267822922898613,0.6336489238876509,0.12107240592642077,-0.07907582482152746,-0.014930421365604287,0
0.4768315997957468,0.6794838348584645,-0.9633415080931361,0.4668035581481082,-0.5868626470034906,-0.7984648542742431,-1.0231523410873633,1.213352579325662,0
1.1764255840907663,0.3138634381692377,-0.6160766756975184,-0.6646142944695091,-0.5868626470034906,-0.7984648542742431,1.700992371010816,-1.0282670585977896,0
-0.5025999782172804,-1.040890600667013,-1.6713405126898107,0.13393094182554074,-0.5868626470034906,-0.7984648542742431,-0.5844391215436118,-0.5006196135825389,1
-0.2927217829287746,-0.8887967882713053,-0.8882937711377006,2.382405831351078,-0.5868626470034906,-0.7984648542742431,1.1556892324010204,-0.6468955167755396,1
0.40687220136624486,0.4479391172218946,-1.3049321715040432,0.597057051763231,-0.5868626470034906,-0.7984648542742431,-0.5809913441720139,-1.0670768164114859,1
1.2463849825202682,0.3747825688583296,0.23445170419645361,-0.6178731032736597,1.8541604947787924,-0.7984648542742431,1.4134153662980427,1.7749960545370636,0
0.6867097950842527,-0.9058761903420383,-0.8277499102359035,-1.787632568601034,3.074672065669934,1.0406096661270847,1.6407925854292842,-0.8644062643044766,1
1.386303779379272,0.29482237424892266,1.0460222382390958,0.6111258117764936,3.074672065669934,0.12107240592642077,-0.6548947616342032,-1.4553460832362444,1
0.12703460764823707,1.0514491518950733,-1.027183354211444,0.4122875778338665,-0.5868626470034906,-0.7984648542742431,1.4036119618986462,1.4575433524427448,1
1.3163443809497701,-0.11066158943459062,-1.6788009010765097,1.136070480804184,-0.5868626470034906,0.12107240592642077,0.9570877576328591,-0.12496468762170923,0
0.6167503966547507,2.1707968503373873,-0.8369162296784571,0.07834148175360331,-0.5868626470034906,0.12107240592642077,0.4575418651429847,-1.0479364285123869,0
0.6867097950842527,0.4302592589359609,1.3688290242692496,-1.4021259893305777,-0.5868626470034906,0.12107240592642077,0.2581260647188785,-0.35978587682442487,0
-1.6219503530893116,1.1973156816018526,1.4716893966036004,-1.090157619983436,-0.5868626470034906,0.12107240592642077,-0.9980892551226814,-0.9122999600860405,0
0.7566691935137546,0.5160154493509533,0.4307852339756303,1.177945125651845,-0.5868626470034906,-0.7984648542742431,-0.3448813988403896,-0.3585049676896411,1
1.0365067872317624,-1.2624142175240753,0.002697332174814201,-0.10597022847576922,-0.5868626470034906,-0.7984648542742431,-0.21940267724373325,0.6378358389291207,0
-1.5519909546598096,0.026345700459348184,1.0536761530156715,-1.8302954916480036,-0.5868626470034906,-0.7984648542742431,0.05628675015503157,-0.025575170041034788,0
0.12703460764823707,1.219941747578184,0.4310601317360403,0.007899653942226876,-0.5868626470034906,1.9601469263277485,0.22646082534184575,-0.8912777932225947,0
-0.5725593766467824,-0.3026116517817705,0.01760383601581265,0.8548257997817836,-0.5868626470034906,0.12107240592642077,1.8349112298188566,-1.1583857963407345,1
-1.5519909546598096,-1.2706319335349456,1.2335744991796576,-0.5858496415898791,0.6336489238876509,-0.7984648542742431,-0.01896666341711286,1.6923131240528066,1
-1.6219503530893116,-1.2510510770839212,-0.3649113077248954,1.7635999949638512,-0.5868626470034906,-0.7984648542742431,1.0086827435342458,-0.3975716143712474,1
1.526222576238276,-1.2865691036407088,-0.9727201940818063,1.0472262528519793,1.8541604947787924,-0.7984648542742431,0.5770856039272628,2.9923005328419103,1
-0.43264057978777853,1.8936805446118752,-0.8053643537802689,0.4366340032234534,-0.5868626470034906,-0.7984648542742431,-0.02163559329002317,1.6513741816533727,0
1.596181974667778,-0.07755425296824914,0.16053095704174578,2.7522813516832554,-0.5868626470034906,-0.7984648542742431,0.2489640038342524,1.7317245772729917,0
0.9665473888022604,-0.6079471393434586,0.14456061315872487,0.6209282778415685,-0.5868626470034906,-0.7984648542742431,-0.6284215609150149,0.19135640291202036,1
-0.9223563687942922,-0.028803561006056404,-0.25266880331751074,0.7720614924542352,-0.5868626470034906,1.0406096661270847,-0.1591156795796654,0.4488897206579499,0
1.0365067872317624,1.1025365320483929,-1.0313141020675136,-2.252512638546844,-0.5868626470034906,-0.7984648542742431,-0.14836263031790967,-0.7141773695981016,0
-1.6919097515188135,0.1308145168071158,-0.08061365184510536,-0.7181273149430747,1.8541604947787924,0.12107240592642077,-0.7514376280907399,-0.5542036404893494,0
-0.6425187750762843,-1.3101518399135623,-0.04044708661814922,1.442237003420992,-0.5868626470034906,1.0406096661270847,-0.2805367781093968,-1.631248131794848,1
0.6867097950842527,-0.5194899922087645,-0.052252957985943406,-1.4302563983406842,1.8541604947787924,-0.7984648542742431,-1.8109334142133413,-1.631248131794848,0
1.2463849825202682,-0.034823721358029865,2.2910598690171198,-0.5792750039981525,-0.5868626470034906,-0.7984648542742431,-1.0098487351590244,-0.8411701802314344,0
-0.43264057978777853,-1.957434281706918,-0.23006062410504358,-1.8645352434942253,-0.5868626470034906,-0.7984648542742431,-0.675808308604033,0.11664759823309226,0
0.7566691935137546,-0.10153284557852049,-0.5771401957496662,1.1328781603280638,3.074672065669934,-0.7984648542742431,-0.9837692504453515,-0.8133011402137262,1
-0.6425187750762843,-0.07627383492147498,1.2300246145066118,-0.018152052381645065,-0.5868626470034906,-0.7984648542742431,-1.2424807902276858,-1.3452124176398297,0
0.6867097950842527,0.17969978024905817,0.09266332307956147,0.2431764416127836,0.6336489238876509,-0.7984648542742431,-1.8803932934461876,0.6973694666537457,0
-1.062275165653296,1.078736178001788,0.6341623777520367,-0.9931488629049198,1.8541604947787924,0.12107240592642077,0.21324244125505282,0.6337760713377533,1
-0.22276238449927266,-0.8890664178601729,0.48014226138874533,1.429685971611095,0.6336489238876509,0.12107240592642077,1.2908789030572043,0.44351441621152277,1
1.386303779379272,1.03702627533475,-0.6288313957874541,2.780099114809621,-0.5868626470034906,0.12107240592642077,-0.08515483011481648,1.3274165696215865,1
0.5467909982252488,-0.21350345770806392,-2.5375912728471186,1.6007515311763518,-0.5868626470034906,-0.7984648542742431,-0.8795031876842572,1.2998406149894406,1
-1.4820315562303077,-0.06864043036909896,0.22680665094572844,-1.751799403555722,3.074672065669934,-0.7984648542742431,-0.5900517199638805,0.4024261770513216,1
-0.15280298606977072,-0.473032177640228,0.7098384187832693,0.7062277231906329,3.074672065669934,1.0406096661270847,0.5804554516489495,0.9109826129447728,0
0.3369128029367429,0.5977025934324462,1.4780235340695356,0.7098762558789051,1.8541604947787924,1.0406096661270847,-0.7490631009456677,-0.4537147466301743,1
1.3163443809497701,0.02308179073086682,-0.7371850946852303,-0.181466230908817,-0.5868626470034906,-0.7984648542742431,-0.4736658362827071,-0.041919668691123374,0
0.12703460764823707,-0.6665804284924512,0.041028844079813144,0.22003739704784217,-0.5868626470034906,-0.7984648542742431,0.11387408634987166,0.017610423332368532,0
-1.2021939625123,-0.2873300928468992,-0.9816382661624623,1.9202278540600346,-0.5868626470034906,-0.7984648542742431,1.1759876006764893,0.3401621568441938,1
1.0365067872317624,-0.11512563036318144,0.8816796877076813,-0.3229088697417778,-0.5868626470034906,1.9601469263277485,-0.10053583886312115,1.1818106846618388,1
-1.4120721578008057,0.11126024091757411,-0.22635612179624598,-1.7181471705695395,-0.5868626470034906,-0.7984648542742431,-0.20686584787811113,0.19477682626065268,0
-1.3421127593713038,0.2315977858298206,-0.9733508792593646,0.22531224392664662,1.8541604947787924,-0.7984648542742431,-1.1520478279836253,1.7902124232828491,0
-0.36268118135827654,1.1415996971320068,0.7052375205934157,2.399872668870781,-0.5868626470034906,0.12107240592642077,-0.3878887317077775,0.198627202426916,1
0.196994006077739,1.1913873062281857,-0.7733070369150312,-0.2900720665113712,-0.5868626470034906,1.9601469263277485,0.6258020648857117,-1.2392863374037395,0
0.5467909982252488,-0.7573646750282623,1.0595123688670531,1.257803492306316,0.6336489238876509,-0.7984648542742431,0.41407394413422716,0.3492553989514038,0
-0.5725593766467824,1.9925295693785405,0.6977880927256326,1.147684978282746,-0.5868626470034906,1.0406096661270847,-0.950294795410642,0.6032472092059565,0
1.386303779379272,0.8245445337426277,2.066092032636,-1.649402393877993,3.074672065669934,0.12107240592642077,-1.8803932934461876,-0.21350571171798408,1
-0.8523969703647902,-0.3691809863095572,-0.6739766749010778,-0.08790183975238501,-0.5868626470034906,-0.7984648542742431,0.06991062675854195,1.5939694008463017,1
-0.5725593766467824,0.686034282549746,-1.2225793086097385,0.3310564326373017,3.074672065669934,-0.7984648542742431,0.5241415169602388,-1.631248131794848,1
-0.8523969703647902,1.3135907547362626,1.5412479501684995,-2.278660678535336,-0.5868626470034906,-0.7984648542742431,0.7001113255055433,-0.49361347079360535,0
0.12703460764823707,0.5755689116682996,-0.018423008005058306,1.3934433712884131,-0.5868626470034906,0.12107240592642077,0.8546736236758533,-1.1519626303151722,1
-1.4120721578008057,0.05178834243221567,1.3189912179330405,-0.16019842361526987,1.8541604947787924,-0.7984648542742431,1.0530744340178417,-0.138447388066717,0
1.3163443809497701,-0.3104688531787357,-1.5152279576011687,-0.8366874050165637,-0.5868626470034906,1.0406096661270847,-1.0024843574664437,-1.5778904221000551,1
1.526222576238276,0.30612493140263897,-0.2312433966916794,-0.28711168977448853,-0.5868626470034906,-0.7984648542742431,0.6922592911516827,-0.4318088642965967,0
1.6661413730972798,-1.6937614377569143,0.19359686139037646,0.2527890839085923,-0.5868626470034906,-0.7984648542742431,1.0629934800622471,-0.5175758450253792,1
1.0365067872317624,1.0777957138876932,0.3695085097589825,0.08949657743512306,3.074672065669934,1.0406096661270847,0.4477544542401004,-0.6739584194414405,1
-1.4820315562303077,-0.7242610595577665,-0.06128703935031221,-0.6116752046109096,-0.5868626470034906,-0.7984648542742431,0.4890341710725077,0.27871322458620656,0
0.266953404507241,-0.9294306640354587,-1.80916559657231,-0.28938443932327257,-0.5868626470034906,0.12107240592642077,0.7624055136866476,-1.571459642917069,0
1.386303779379272,-0.5885691368053124,-0.4296162637089284,0.06517906774405217,-0.5868626470034906,-0.7984648542742431,0.845922383207679,1.116214089042575,0
0.8266285919432566,0.6724990912613211,1.0504291207622372,-0.559864253783295,-0.5868626470034906,-0.7984648542742431,0.40215372098997193,-0.525486088147562,1
-1.4120721578008057,-0.9381526886912445,0.4286795438566888,-0.7489023210804009,-0.5868626470034906,-0.7984648542742431,-0.12527206842288202,0.2026659380103854,0
-0.5025999782172804,0.019771086774356003,1.0025073166891212,2.6772586873255007,-0.5868626470034906,1.0406096661270847,-1.7766853112303245,-0.8706811191203909,1
0.5467909982252488,0.52699229210844,1.069130736819473,-0.9203700975168242,-0.5868626470034906,0.12107240592642077,-0.6962728087483195,0.5950660604506269,0
-0.36268118135827654,-0.007931772519640298,-0.6684592208782769,-0.09730350648940542,-0.5868626470034906,1.0406096661270847,-0.8369063396977005,1.3732321106369725,0
-1.3421127593713038,-0.41540294114831006,-2.0490975501182285,-1.219340858205932,-0.5868626470034906,-0.7984648542742431,-1.7251262092596367,0.11169239907503502,0
0.05707520921873513,2.4095389096314332,0.23465535490321057,1.6868203315743058,-0.5868626470034906,-0.7984648542742431,0.026912628793797973,0.8466558441699985,0
-1.6219503530893116,1.7309936037474583,-1.2134904779886289,0.0287223500348324,-0.5868626470034906,-0.7984648542742431,-0.9347068402442079,0.5712780286643224,0
-0.2927217829287746,1.7171144434743242,-2.2061226598780075,-0.6616040697508125,-0.5868626470034906,1.9601469263277485,0.2883522236145526,0.22506173074899574,0
1.3163443809497701,0.8070595329584038,-1.971077116163288,-0.8952876964226605,-0.5868626470034906,0.12107240592642077,-0.5921672057789323,-1.1430112152893814,0
-0.22276238449927266,0.7971443886565791,-0.42078912283501385,0.05091551309635888,-0.5868626470034906,1.0406096661270847,-1.8803932934461876,-0.18871494725715854,0
-1.3421127593713038,0.4457246297277108,0.6267727281594512,-0.5205309322401752,-0.5868626470034906,-0.7984648542742431,0.963653683372099,-0.12110211404510292,1
-1.2021939625123,-0.4449220077806363,1.7311514817279112,-0.173890429650951,1.8541604947787924,2.8796841865284124,0.804970933653205,-1.631248131794848,1
0.266953404507241,1.5338810235750246,1.4419995607609521,-1.3360988541034884,-0.5868626470034906,1.0406096661270847,1.2818764590608234,-0.318348402905319,0
0.05707520921873513,-1.4031176301608972,2.301629434345069,-2.278660678535336,-0.5868626470034906,-0.7984648542742431,0.6319562361444704,1.2271054744954126,0
1.0365067872317624,-1.3328926174932958,0.0413781825518538,-2.278660678535336,-0.5868626470034906,1.0406096661270847,-0.297544253317951,1.459947622343344,0
1.456263177808774,0.5582074481676926,-1.1152200114712483,-1.1889133966789653,0.6336489238876509,1.0406096661270847,2.822441157444924,-0.3598402079733307,0
1.1764255840907663,-0.03598605959793522,-0.07552518038224064,-1.278368405352793,1.8541604947787924,0.12107240592642077,2.263524792411715,-0.530628073939758,0
1.526222576238276,1.686325613104259,2.301629434345069,0.43956575018596517,-0.5868626470034906,-0.7984648542742431,1.3309338061020635,2.0633584460891337,0
1.2463849825202682,-1.957434281706918,-0.09713199597952467,1.0625179476560191,-0.5868626470034906,-0.7984648542742431,-1.5915048475842941,-1.631248131794848,0
-0.08284358764026876,-0.24840349480449317,0.821522073356323,-0.7906549455251717,-0.5868626470034906,-0.7984648542742431,-0.485345185010786,-1.631248131794848,0
1.386303779379272,0.18287435285950704,-0.18706541574008423,0.4778284467694608,0.6336489238876509,0.12107240592642077,0.015506225842014845,-0.07773376077440634,0
-0.5025999782172804,1.234639268581982,-0.11219311394141913,0.21938226966802726,-0.5868626470034906,-0.7984648542742431,-0.8165087842058819,-0.182775414622618,0
0.8266285919432566,0.3587779082220925,-1.6391137416575856,0.3257458056843021,0.6336489238876509,-0.7984648542742431,0.8560668869746334,-0.377435693265784,1
0.5467909982252488,-0.9724842141970028,0.4351515845182667,-1.141350931100614,0.6336489238876509,1.0406096661270847,0.5350509988800206,0.40115016013066973,1
1.526222576238276,-0.26275730598355296,-0.314970197067184,-1.2880136826162936,0.6336489238876509,0.12107240592642077,0.14636817316046144,-0.40013400961392775,0
-0.5725593766467824,0.34325871387526,0.8634741495318029,0.11704575944043039,0.6336489238876509,1.0406096661270847,-0.2437939571020847,-0.5745436663481037,0
-1.2721533609418019,0.12716953941623452,0.7598583848565623,0.28125413769781143,-0.5868626470034906,0.12107240592642077,-0.0504146622315095,0.8853606202936566,0
1.3163443809497701,1.3127639775008355,0.006147395726729134,1.034053139049351,-0.5868626470034906,-0.7984648542742431,-0.3197164329686295,-0.24156110303574843,1
0.40687220136624486,-0.005085527272316379,-0.30203339146402297,-0.14762321975689843,0.6336489238876509,0.12107240592642077,-1.8803932934461876,-0.316003047416485,0
1.596181974667778,-0.17200544545997848,0.35735897275219813,-0.09782912356426224,-0.5868626470034906,0.12107240592642077,0.06966383225886065,-0.6751157082412819,1
0.6167503966547507,-0.9072510116065838,-1.41562647877551,-0.8159287048870303,-0.5868626470034906,2.8796841865284124,0.15714877542812056,-1.5858429611725082,1
-0.22276238449927266,0.20340626258546865,-1.5031286683113194,-0.6191553025928841,0.6336489238876509,1.0406096661270847,2.369294135212745,-0.6283196979230318,1
0.05707520921873513,-0.2013364494455326,0.16529173719399126,0.5932289923301096,-0.5868626470034906,1.0406096661270847,2.3603626427484303,1.1649727867502404,1
-0.5725593766467824,0.7905262302962319,-1.1025906791559463,-0.9316900031561107,-0.5868626470034906,0.12107240592642077,1.3445033034297718,-0.49351882205567543,0
-1.6919097515188135,-1.3503175984549323,-0.8644187984440002,1.0594880364144699,1.8541604947787924,0.12107240592642077,-0.16523105350237113,0.8099934434160855,1
-0.9223563687942922,1.464531832413963,0.9655002198513136,-0.07233368954546462,-0.5868626470034906,-0.7984648542742431,0.3133961749393404,0.2019089734369781,0
-0.6425187750762843,-0.3481181512524697,-1.0259968884594126,-0.8338576029724697,0.6336489238876509,1.0406096661270847,-1.2804857657649653,-1.5442125237253679,0
1.0365067872317624,-1.9569917483258237,0.44629431986363577,-0.8279601274356628,1.8541604947787924,1.0406096661270847,-1.8344977019891753,-0.08614472496755865,1
-0.9223563687942922,1.5307100199412176,-1.9810810541769546,-0.19208780015966637,0.6336489238876509,-0.7984648542742431,-0.5627080477279196,-0.6800008755527899,1
-0.012884189210766821,1.262527471630727,-0.4791862174143526,-1.5035330789189054,0.6336489238876509,0.12107240592642077,0.20681565702998875,0.1390196283809162,0
0.8266285919432566,-0.4255130333402579,-0.12660434184935593,0.10770600926141632,-0.5868626470034906,1.0406096661270847,0.33015699156925965,-1.631248131794848,1
-1.6919097515188135,-0.7728665605118512,0.5123919426606721,-1.2026565153371747,-0.5868626470034906,-0.7984648542742431,-0.06938386391426644,0.5972192970871205,0
-0.5725593766467824,1.6798706510022388,-0.7163904667155334,-0.05600034262427823,0.6336489238876509,1.0406096661270847,-1.0003071989878585,-0.4081693038578489,1
1.456263177808774,-1.6565423262961314,0.040421208514230575,-1.518124578910647,-0.5868626470034906,-0.7984648542742431,0.4371261186146056,0.12161758249692889,0
0.05707520921873513,-1.2707124782724082,-1.789193298979363,1.5052548517564976,0.6336489238876509,1.0406096661270847,-1.174039980086786,-1.3351678287194597,1
0.266953404507241,-1.7646191565914384,0.2003794396700179,-1.0841657453178624,1.8541604947787924,0.12107240592642077,-1.2571735351221254,1.4761419684044175,1
0.5467909982252488,0.3904338272743185,-0.8299473142262273,0.1830649891367599,3.074672065669934,-0.7984648542742431,-0.12874830707936089,0.0025331727935648907,1
-1.5519909546598096,-1.957434281706918,0.3814884859635048,-0.2567347884231961,-0.5868626470034906,-0.7984648542742431,-0.07909442461354772,-1.2014436548205318,0
1.526222576238276,0.33619567079859664,-0.2767704618695864,0.5762275915016862,-0.5868626470034906,-0.7984648542742431,0.10798661752452596,0.7470146370479432,0
-0.9223563687942922,0.5404041034419323,0.3178220796562539,1.793807235558021,-0.5868626470034906,0.12107240592642077,-0.26316171961354395,-0.513400977110225,0
0.8965879903727585,-1.5188586073704753,0.4197520330413401,1.9430353008108308,-0.5868626470034906,0.12107240592642077,0.5945121957414843,-1.0538888785375295,1
0.7566691935137546,0.028184806383525367,-0.016629496288379914,-0.7928473951548812,-0.5868626470034906,-0.7984648542742431,0.869177656937114,-0.45202352052711803,0
0.8965879903727585,2.1415988750545765,1.3509648787103608,-0.6460733090773289,0.6336489238876509,-0.7984648542742431,-1.6555755485490136,0.19219226258046515,0
-0.36268118135827654,-1.3697376337891551,-0.4252296029099856,1.9330584885709996,-0.5868626470034906,0.12107240592642077,0.3820461919327391,1.9350846559081036,1
-1.4120721578008057,0.49162066426543793,-0.6383973797308806,-0.436739113205969,0.6336489238876509,0.12107240592642077,-0.1427399708830447,-0.4995054724828264,1
0.6867097950842527,-0.5900681604927078,0.018065845248859784,-1.7336805776505524,0.6336489238876509,0.12107240592642077,-0.7094505033343804,1.2032498560961005,0
-0.9923157672237941,-0.6594650018292304,-0.35444815180458794,1.701344275791604,1.8541604947787924,-0.7984648542742431,-0.6241768744746188,-0.1255809184286748,1
-0.2927217829287746,0.8800946828757289,0.5251363500518391,-1.2348849025194177,-0.5868626470034906,-0.7984648542742431,1.7684926247549684,-0.9003329739582249,1
1.1064661856612643,-1.4140812537623264,0.9552179529918067,1.1877528091545413,-0.5868626470034906,-0.7984648542742431,-0.3396258247020598,1.5131372334623816,1
-1.6919097515188135,0.40356701239009063,-1.1136831962099105,-1.903476216844989,-0.5868626470034906,0.12107240592642077,-1.62435019999658,0.035516643597077034,0
1.6661413730972798,0.5194381371367847,-0.02761588180298339,0.27265102518044687,-0.5868626470034906,-0.7984648542742431,0.10561934412147181,-1.631248131794848,0
-0.6425187750762843,-1.4434607124458225,0.3773509008339822,0.13271212685790562,-0.5868626470034906,0.12107240592642077,-0.5577107282436781,-0.8348828994775332,0
-1.6219503530893116,0.35212136608638955,-0.4107231825531929,0.8205190123761985,-0.5868626470034906,-0.7984648542742431,0.01783814831665728,0.28255097750519775,0
-0.5025999782172804,0.89867730082703,-0.7156943938103769,1.68920982837676,1.8541604947787924,1.0406096661270847,1.0638762926011895,1.4630997349199883,1
0.196994006077739,0.55756264383866,0.007587063668115058,-1.1063736142698397,0.6336489238876509,-0.7984648542742431,0.3799408205058332,-1.4192988580496604,0
1.386303779379272,-1.385186357805395,1.1568463810536997,0.9642486174290952,-0.5868626470034906,-0.7984648542742431,-1.1407759973657232,-0.9200430199039482,0
-1.4120721578008057,-0.08228849079574345,1.7282880917689536,1.229207403086855,0.6336489238876509,-0.7984648542742431,0.6896083735826822,0.5043900818553512,1
-1.062275165653296,-0.024762003074567805,-0.06639050040983215,-1.0293827450142718,-0.5868626470034906,0.12107240592642077,-1.2976832146120447,-0.27858184033465244,0
0.05707520921873513,-0.5261664076948432,1.016312810100098,-0.08529643253235364,-0.5868626470034906,-0.7984648542742431,-0.8422333578404136,-1.4643185054556362,0
1.2463849825202682,0.22507465863243697,0.2054914789242991,1.9406153847933174,-0.5868626470034906,-0.7984648542742431,0.06509308093365174,0.9027235217275443,0
-0.9923157672237941,0.23615746913118976,-0.8056745614430306,-0.4845718958040173,-0.5868626470034906,-0.7984648542742431,-1.0696412559738966,0.20243614608305077,0
-1.062275165653296,-0.7973032583288651,-0.3815930973702361,-0.26208675449089713,-0.5868626470034906,0.12107240592642077,1.671588023025757,1.14319594425427,1
-1.2021939625123,1.141394094188093,-1.0288945539538146,1.1854463260286552,-0.5868626470034906,-0.7984648542742431,0.955846677056557,-0.24296020668375223,1
-1.5519909546598096,1.381666774461623,1.3937243660429988,0.8346559636777185,-0.5868626470034906,0.12107240592642077,-1.3259625816035727,-0.6830191741663445,0
-0.012884189210766821,-0.9561975951772722,0.323734680218923,0.8514148811698752,0.6336489238876509,-0.7984648542742431,-0.008356459276300049,0.771905312035046,1
-0.5725593766467824,1.8462329209569446,-0.4977873756003101,0.5998774155250177,-0.5868626470034906,1.9601469263277485,-1.8803932934461876,-0.19299665836564578,0
-1.4120721578008057,0.3062595046521901,-1.2886816889722323,0.2386059959125099,-0.5868626470034906,0.12107240592642077,-0.532487157535986,-0.9625885630585197,0
-0.08284358764026876,-0.829525948513014,0.8313560101659809,-0.9193081820372219,-0.5868626470034906,1.0406096661270847,-0.4763270988050599,-0.5915930984774255,0
0.5467909982252488,0.060309245317104215,-1.7673987093030334,-2.278660678535336,-0.5868626470034906,-0.7984648542742431,0.8662266371717375,0.9302842951426834,0
-1.132234564082798,-0.7524196406934124,-0.5728611653605162,0.8204485876716907,3.074672065669934,0.12107240592642077,-0.8924543147732049,-1.631248131794848,1
-1.062275165653296,-0.5484422142259806,-0.20741326278801608,-1.6231553986980882,-0.5868626470034906,-0.7984648542742431,0.6548812427340436,-1.631248131794848,0
0.5467909982252488,1.2520512562200772,0.7067525553646032,-1.3609760820457417,1.8541604947787924,1.0406096661270847,0.8038316948661064,0.08541448759549541,1
1.6661413730972798,2.697699626639754,0.9548819881864868,0.4066040711365996,-0.5868626470034906,-0.7984648542742431,-0.5056741973684358,1.1933382174128506,0
0.05707520921873513,-0.6758048585328539,0.8772844725319832,-0.22144369642135833,-0.5868626470034906,-0.7984648542742431,1.1077352359188302,0.6938899295822919,0
-0.6425187750762843,-1.4272062696297827,0.1089456890107336,-0.23538719693431182,0.6336489238876509,0.12107240592642077,0.9924243664436339,0.038358837472547716,1
0.196994006077739,-1.957434281706918,-0.9611758753970806,-0.4514110119515347,-0.5868626470034906,-0.7984648542742431,1.7354059042875165,-1.1781318684053168,0
1.526222576238276,0.2508329233396192,1.002107032643237,-0.1957808918854214,-0.5868626470034906,0.12107240592642077,0.9822236103240645,-0.3030568006829116,0
0.8266285919432566,0.7254506214904088,-0.14062061397426506,0.9017523741930495,1.8541604947787924,-0.7984648542742431,-0.9672954135948758,-0.20166259818481413,0
-1.4820315562303077,-0.326739680646517,0.8121087134923171,0.34158300132176894,-0.5868626470034906,0.12107240592642077,-0.01773991823475449,-0.29942832440265343,1
-1.2721533609418019,-0.3539313225408807,-0.34202070854089056,1.0758369322466887,0.6336489238876509,0.12107240592642077,0.7822077715712337,-0.3695393427239723,1
-1.3421127593713038,0.005885436066089225,2.301629434345069,-0.3963885104020562,-0.5868626470034906,1.0406096661270847,-1.2456078861482762,-0.3510989584528737,1
-0.43264057978777853,-0.5809118432523831,-0.5771224745779062,-0.2161549460397326,-0.5868626470034906,0.12107240592642077,-0.541266247188337,0.3568076625508541,0
-0.5725593766467824,-1.957434281706918,-0.8520651287043178,-0.6637177471374405,-0.5868626470034906,2.8796841865284124,-1.3549827742084157,0.9156135705778472,0
0.266953404507241,-1.145261247172316,-0.5088819606452203,0.4932351117597753,0.6336489238876509,0.12107240592642077,-0.746275555159926,0.3642118427524425,1
0.9665473888022604,0.7660366104013236,0.7654293299303615,0.06310698612800182,-0.5868626470034906,0.12107240592642077,0.18949122586575912,-1.3943153476433976,0
0.4768315997957468,-0.36435707517945237,-2.4070400073290936,1.5794853099611383,0.6336489238876509,1.0406096661270847,-1.3898029015363877,-0.5902577074114852,0
1.526222576238276,0.17411911403328809,1.7874308119113325,-0.9329662510503934,-0.5868626470034906,-0.7984648542742431,-1.8803932934461876,1.1777426233681239,0
-0.43264057978777853,0.6996537492647125,0.9337070971271427,-0.5936855296109949,-0.5868626470034906,0.12107240592642077,0.1303460109600022,-1.631248131794848,0
1.6661413730972798,-1.5138292885336113,-0.18502227575234723,-1.9895391322682638,-0.5868626470034906,-0.7984648542742431,0.36892545482604483,-0.9708345156574847,0
1.6661413730972798,0.7154934508063505,0.43892436548524627,1.6830760230536828,-0.5868626470034906,-0.7984648542742431,-0.8981424476313544,1.1483811524135925,0
-0.36268118135827654,-0.8831141499986888,-0.47968801731298777,-0.3397225132811539,-0.5868626470034906,-0.7984648542742431,1.6487837764310656,-0.558587453193797,1
-1.3421127593713038,-1.8710745715928558,0.475848823942452,-1.016832225424103,-0.5868626470034906,1.0406096661270847,1.631929329324083,1.2472445330374433,1
-1.6919097515188135,-0.38376542978285744,0.5617168033194175,0.9748829752413173,-0.5868626470034906,0.12107240592642077,1.2411680685102617,0.614890086664072,0
-0.15280298606977072,-0.8248465821739746,1.9117777295990994,-0.93524276227513,3.074672065669934,0.12107240592642077,0.0715984342488481,1.1981956360762749,1
1.456263177808774,-0.00114319049054712,-1.0317008176611842,-0.4947324989209599,0.6336489238876509,-0.7984648542742431,0.4298648786690977,-1.631248131794848,0
0.266953404507241,0.29037842673316044,0.3513319742424594,-0.6638057340813186,1.8541604947787924,-0.7984648542742431,0.6019294114831907,-0.9689005923557071,0
-1.3421127593713038,-0.8812357610183319,0.59056113534159,-0.34957140691773475,0.6336489238876509,2.8796841865284124,-0.806701811228567,0.5697937460029875,1
0.196994006077739,-1.1408513313550002,-1.5463448000115423,1.2929983793616353,-0.5868626470034906,1.0406096661270847,1.9469098055583363,-1.2662471632434573,1
-0.08284358764026876,0.3731827138277416,-1.1136116863297985,-1.9917769320565772,3.074672065669934,1.9601469263277485,0.7251927890775955,0.597796951772665,1
-0.43264057978777853,-0.06744044542769663,1.2492911530874344,-0.6579833599274837,0.6336489238876509,-0.7984648542742431,0.45745332729107885,0.5043561536272352,0
0.3369128029367429,-0.7744085742016814,0.31608908513368006,0.47993989825149314,-0.5868626470034906,-0.7984648542742431,0.1305455409135066,0.7649560185908354,0
-1.132234564082798,-0.8019331874600595,1.5158791447600415,0.36872577967731884,-0.5868626470034906,-0.7984648542742431,-0.5668501446403074,-0.415113980645446,0
-0.2927217829287746,-1.2788579449268203,0.18150128140983549,0.3537336842430663,-0.5868626470034906,-0.7984648542742431,-0.9418938603277164,-1.1586647880183474,0
0.196994006077739,1.7645275317905769,1.326283059157152,-2.183641625270878,1.8541604947787924,0.12107240592642077,-1.2318064140283949,1.2116732558329881,0
-0.7824375719352883,0.9463613016106808,0.8783659974946213,-0.27165010575806303,0.6336489238876509,-0.7984648542742431,-0.33426150481688843,1.752101927552137,0
0.05707520921873513,-0.35955813992254976,-1.00142202204821,0.2723451837608302,1.8541604947787924,-0.7984648542742431,0.5330233417488504,0.11362319456187112,1
1.0365067872317624,-0.39619576652624916,0.16906270137772011,1.2322410599854285,-0.5868626470034906,0.12107240592642077,-1.8803932934461876,0.7624937325921736,0
-0.5025999782172804,-0.20967923698136967,2.301629434345069,2.2446024552446704,-0.5868626470034906,0.12107240592642077,0.8940539249730608,0.7231771388443421,0
0.5467909982252488,1.5636785155015565,-0.5842373937910225,0.5608155423827428,-0.5868626470034906,-0.7984648542742431,-0.8100849767916951,1.633557052490693,0
0.6167503966547507,0.28820321008308913,0.37113134195643005,1.818154712583968,0.6336489238876509,-0.7984648542742431,0.3374386257827092,-0.4012907970260598,1
-0.9923157672237941,1.1555438995281275,-0.587463614926389,-0.276577770183727,-0.5868626470034906,2.8796841865284124,-0.04449612151336095,-1.631248131794848,0
-1.132234564082798,0.1673729478850463,-0.9041187089785049,-0.4847011214552308,-0.5868626470034906,-0.7984648542742431,0.23450713943706578,0.21160636129222177,0
1.456263177808774,-1.1815368933859418,-0.05914219141065803,0.20695345451844158,-0.5868626470034906,1.9601469263277485,0.5170805396988597,1.152944897172936,0
-0.012884189210766821,-1.957434281706918,-0.7234378063368342,-1.8372792295663805,0.6336489238876509,-0.7984648542742431,0.2043639462507506,3.167300155452632,0
-1.132234564082798,1.0946654807329523,0.6598767427086588,1.3016021010601522,-0.5868626470034906,-0.7984648542742431,1.1281960412494083,0.03377776217756091,0
-1.062275165653296,1.209770121805607,-1.4277617826659001,-0.5842536084904053,-0.5868626470034906,-0.7984648542742431,-0.9109743364839542,0.9906064765862401,1
0.8965879903727585,2.0334245504312314,-0.27019910566825195,-0.14859022095027513,-0.5868626470034906,0.12107240592642077,0.8795331134860721,-0.8433834837470902,1
0.3369128029367429,0.15759229684502365,1.7980054489244777,0.7823757369677813,3.074672065669934,0.12107240592642077,0.3230768500575625,-0.5356054633233579,1
-1.2021939625123,-1.7322585255504044,-0.8963049765142505,1.5908208402552766,-0.5868626470034906,1.9601469263277485,-1.6135551853954,-0.7424046471025542,1
1.596181974667778,0.47552384773426354,0.3726145821959479,-1.872325390696257,-0.5868626470034906,0.12107240592642077,-1.8803932934461876,0.6396382116907655,0
0.12703460764823707,-0.30655187416418334,-1.8478303766305542,0.1501298669552718,3.074672065669934,1.9601469263277485,0.4860393979537275,2.1618744972689536,1
-1.5519909546598096,-0.15632676777600135,0.31558710908069293,-0.7663302122582147,-0.5868626470034906,2.8796841865284124,0.20101589465636924,0.5485202497734902,1
-1.6219503530893116,3.457124290173124,0.772287342936565,0.19098121370880375,-0.5868626470034906,1.0406096661270847,-0.009072992149086568,-0.6982110902040541,0
-1.5519909546598096,-0.04948089491333051,0.36715394381655864,-0.7747107708188831,0.6336489238876509,2.8796841865284124,0.7002393453071716,1.1279673593973394,1
0.9665473888022604,0.26695176375475077,1.5210612295635266,-0.5727211927870532,-0.5868626470034906,-0.7984648542742431,1.3634359638309486,-0.37875214130345897,0
0.5467909982252488,-0.5070805665214121,-0.36098754333857447,1.7289665190403491,-0.5868626470034906,1.0406096661270847,0.20347244241507795,0.9275937596053151,1
-0.7124781735057863,0.5794720705759192,-1.0708060575790659,-0.036846529821434895,0.6336489238876509,-0.7984648542742431,0.12555432868068472,-1.631248131794848,0
-0.22276238449927266,-1.957434281706918,0.47081194297115736,1.8588881486407833,-0.5868626470034906,-0.7984648542742431,-1.4738717602243707,-0.005878807195497434,1
1.526222576238276,1.6673108360919109,1.0443670378159953,-0.26584749788556716,-0.5868626470034906,0.12107240592642077,-1.1937408587528224,-0.32294538672291084,0
0.5467909982252488,0.9711648595933728,0.1523667714543198,0.07515633958810726,-0.5868626470034906,-0.7984648542742431,0.4091149688978257,0.0070124848665340245,1
0.196994006077739,0.9453882572591678,-1.5695293869781521,0.38694906394791995,-0.5868626470034906,1.9601469263277485,-0.15367488489135095,0.10733014614771018,0
0.196994006077739,0.11797533530435965,0.6848161175820944,-1.0353151588611005,-0.5868626470034906,-0.7984648542742431,-0.9409229928469797,0.4635332496353375,0
0.40687220136624486,0.8494755500129341,-0.4469474069381903,0.10211142702836823,-0.5868626470034906,-0.7984648542742431,-0.32239763198495947,0.5794327108491436,1
0.05707520921873513,1.8606460917847127,0.7315308585228322,0.4313610138927887,-0.5868626470034906,0.12107240592642077,-1.7974906070452525,0.6763834094063498,0
0.5467909982252488,2.4210486446766195,0.1774706561218722,-1.4623348126577966,-0.5868626470034906,0.12107240592642077,1.8027443949951099,-0.8303253194535616,0
0.3369128029367429,1.0946599458070518,0.9619344193166754,-2.0073531977761347,-0.5868626470034906,0.12107240592642077,-0.283831208005207,-1.631248131794848,0
0.6867097950842527,1.4279892170569877,-1.1285023982135975,1.9570052913748386,3.074672065669934,0.12107240592642077,1.144340882032425,-0.4652217387472844,1
-0.08284358764026876,-1.2186477104934788,-1.0240429151531003,-0.46084924036584973,0.6336489238876509,1.0406096661270847,-0.5865792309461558,-0.32492142058681284,1
0.40687220136624486,-0.8929478137549295,-0.2458622295042872,0.3173138221225491,-0.5868626470034906,-0.7984648542742431,0.2918360694521829,0.3556442680410816,0
-0.2927217829287746,-0.27857611114510683,-0.2912755804615501,-1.5888151089166453,-0.5868626470034906,-0.7984648542742431,-1.3829662029619674,0.4714086256950078,0
1.456263177808774,-0.3746769055995182,-0.6786520374984852,-0.9857802950563475,-0.5868626470034906,-0.7984648542742431,1.6631760858857425,0.342480450155389,0
-0.9223563687942922,0.434247275618503,-0.43879812418586966,1.4754258117371295,-0.5868626470034906,-0.7984648542742431,0.6013230220128388,-0.3936861763529193,1
0.196994006077739,-0.9263751214481422,-0.1363904649522071,0.9103626914458699,-0.5868626470034906,-0.7984648542742431,2.531534312482139,0.8435326587920795,0
0.8266285919432566,-0.8922563902373457,0.8698530960426084,0.09010601508734511,-0.5868626470034906,1.0406096661270847,-1.0071094882149874,1.141862139178873,0
-0.7124781735057863,0.1673903187542184,-0.1741606540400278,0.4066769661253033,-0.5868626470034906,0.12107240592642077,0.4956845506427801,0.4475733338130096,0
-1.3421127593713038,0.3666243645085292,0.5740902543769338,-0.6263989620082241,-0.5868626470034906,1.0406096661270847,0.8161211411221012,-1.5511475641139754,0
-0.5025999782172804,1.033368265818782,-0.764636418318766,-0.3890991186472069,-0.5868626470034906,1.9601469263277485,-0.23530282158196278,-1.490546407246992,1
0.5467909982252488,0.20542382978537496,1.1788132167389784,0.3289472047261735,3.074672065669934,-0.7984648542742431,1.2027702563753038,1.2043551718029992,1
1.1764255840907663,-0.038297558458896305,1.5084820206002705,1.4489837455285455,-0.5868626470034906,0.12107240592642077,-0.9482345452641606,0.4165033837321017,0
-0.5725593766467824,-1.608691643089075,0.10931307735144423,-0.2960373727526274,1.8541604947787924,1.0406096661270847,-1.0917512431994243,1.428102414800905,1
1.526222576238276,0.36059884398786923,1.519782168953157,-1.066318079444608,0.6336489238876509,1.9601469263277485,-0.5435547167395973,1.3242909029782852,0
0.6167503966547507,-1.4549543978143054,-0.9171475401181213,-0.4757947047252245,3.074672065669934,-0.7984648542742431,-0.06392037918064208,-0.4185394886858947,1
1.386303779379272,-0.49710108740816056,-0.30192260568098034,1.259368357345937,0.6336489238876509,-0.7984648542742431,-0.9706965115506581,1.3647739625743542,0
1.596181974667778,-0.9542833789075338,-0.009687889268195006,-0.7363750770251827,-0.5868626470034906,-0.7984648542742431,0.2737358886686527,-0.3360003984981925,0
0.6167503966547507,-0.3253809636694614,0.7830504856698431,-1.9892429307297375,-0.5868626470034906,0.12107240592642077,0.48502620866497415,-0.2955213911843675,0
1.6661413730972798,1.670333099219179,-0.8189553121223343,0.20694127948346358,3.074672065669934,1.0406096661270847,0.7116651128792063,0.7573969211063801,1
-0.5725593766467824,-1.1013330003242068,-1.138452668025428,-0.5358081126248905,-0.5868626470034906,-0.7984648542742431,1.293195874874037,-1.1007196882897,0
1.1064661856612643,1.5873779769253988,0.2138155551016745,-1.9227985293847314,-0.5868626470034906,-0.7984648542742431,-0.4548497802513153,-0.2635949076004675,0
1.6661413730972798,0.7959602217852614,-1.0308864205074946,-1.5425382693609069,-0.5868626470034906,-0.7984648542742431,-0.03830046336285606,-0.9797046508659535,0
0.8965879903727585,-0.20167467730916566,-0.18981384307124619,-0.13018875137713282,-0.5868626470034906,0.12107240592642077,0.20388632953200544,-0.6537813521103139,0
-0.7824375719352883,1.6381454492289347,-1.6430724419329024,-0.22091560965818047,-0.5868626470034906,1.9601469263277485,0.5915982517317556,-0.35563717365246367,1
1.3163443809497701,-0.9142610292975678,1.2768632343637545,-1.1827440882847247,-0.5868626470034906,-0.7984648542742431,-0.808691374092708,1.3461523084954097,0
-0.43264057978777853,-0.4008215838846283,1.490544484619741,1.6153469362962836,-0.5868626470034906,-0.7984648542742431,-0.18219887436129142,-0.1244148864036562,0
-1.132234564082798,0.703377933841779,1.3596341498819633,-0.7217870850428495,-0.5868626470034906,-0.7984648542742431,2.3572807711450063,1.6894433179130084,0
-1.6919097515188135,0.9262490180630519,1.0120134695441658,-0.9481127208034377,-0.5868626470034906,0.12107240592642077,0.9291233993201243,-0.7591910701048679,0
0.4768315997957468,-1.957434281706918,-1.0198348998165285,0.4516095305940838,-0.5868626470034906,-0.7984648542742431,-1.1189732910724868,-0.48331448627148477,1
-1.6919097515188135,0.4824598118177507,0.3403939734349916,0.057441948914227825,1.8541604947787924,0.12107240592642077,0.5877154938397313,0.6434969038314585,0
-1.6919097515188135,1.002213290508048,-1.0036070813931823,1.9380210257221417,-0.5868626470034906,0.12107240592642077,1.6723374710806216,-0.547109460262146,1
0.9665473888022604,0.5727571218242984,-0.10911334779992714,-1.0455506458904864,-0.5868626470034906,-0.7984648542742431,0.711897277423646,1.3610295802835297,0
-0.22276238449927266,0.14523621165129488,1.033539193862741,-0.9168908403941126,-0.5868626470034906,0.12107240592642077,-0.5238864990009497,-1.631248131794848,1
-1.6919097515188135,-0.6900071492252364,0.5686106584714726,-0.8076030563066072,-0.5868626470034906,-0.7984648542742431,0.20797480611821734,-0.8398705578644418,1
0.8965879903727585,0.6289054629454903,1.5963346575586361,-0.6754832515922818,-0.5868626470034906,0.12107240592642077,0.4118260157505099,0.3458599995053135,0
-1.062275165653296,-0.8730514115985752,-0.1899925949350184,-0.059964288992790216,0.6336489238876509,1.0406096661270847,0.8387625902816183,1.2853934969016556,0
-0.36268118135827654,1.4169928843777764,0.5099831295701857,-1.169430675988551,-0.5868626470034906,-0.7984648542742431,0.1862718567105184,1.1553797445893519,0
0.8266285919432566,-0.45765868277633426,0.8676488481507718,2.2647648395331905,-0.5868626470034906,-0.7984648542742431,-0.32539952302416664,-0.7060608571823266,1
1.6661413730972798,1.2835498364848141,0.6210701585918698,-0.16062021070634186,0.6336489238876509,1.9601469263277485,-0.10240722110936669,2.7039810327781506,1
0.5467909982252488,0.14382433575859185,0.06470631059093936,0.8731580094604642,-0.5868626470034906,-0.7984648542742431,-0.18985924434717602,-0.7390092236844081,1
-0.5025999782172804,1.635218949156969,-0.6507926062944015,-1.5066967762717698,0.6336489238876509,-0.7984648542742431,0.21460472870230257,0.6906594400315345,0
-1.4120721578008057,1.6378871450113277,0.20689427115299194,2.2110528902525197,0.6336489238876509,0.12107240592642077,0.8505726517229468,0.2738769369491848,0
0.6167503966547507,-0.5560203760688834,0.5395061367983337,0.01490417181801447,0.6336489238876509,-0.7984648542742431,1.0243294645313479,-0.9634699382608702,0
0.6867097950842527,0.6275988073614299,0.3246665109088922,0.8257614746453251,-0.5868626470034906,-0.7984648542742431,-0.602737037319126,1.9663680263975303,1
0.9665473888022604,0.6326898518073414,-0.5835226763209562,-0.8116115706674383,-0.5868626470034906,-0.7984648542742431,0.04040322731431356,-0.5082687227184937,0
0.4768315997957468,-0.021918212383349556,2.2216948128901666,-0.7906532166476838,-0.5868626470034906,-0.7984648542742431,-1.0107414569533284,-1.519147330517868,0
-1.3421127593713038,1.0762730479865932,0.044456402112910236,-0.3645552833830171,-0.5868626470034906,-0.7984648542742431,0.12238619288203186,-1.631248131794848,0
0.196994006077739,1.5537687098509239,0.7055775200058549,-1.5341861361216298,-0.5868626470034906,-0.7984648542742431,-0.3096255982225053,-0.1769192421546224,0
1.1764255840907663,-1.7322392279956162,-0.7076397180866606,0.11839712769815955,-0.5868626470034906,-0.7984648542742431,1.7161784633634962,-1.0645464634484905,0
1.6661413730972798,0.06982887598320163,0.35615227322961945,-1.7911135790073633,1.8541604947787924,0.12107240592642077,-0.8056308561812526,-1.631248131794848,0
-1.2721533609418019,1.3907965534528886,0.30326545711238534,-0.8810933623125864,-0.5868626470034906,-0.7984648542742431,0.18155626904949376,2.6234239727657283,0
-0.08284358764026876,-0.14916885055380996,-0.6354128319688674,1.028454643102799,-0.5868626470034906,-0.7984648542742431,0.18986970663914235,0.4022259673338652,1
-0.15280298606977072,-1.064511604067555,0.07808971830793623,0.45747956767080694,0.6336489238876509,-0.7984648542742431,-1.0096389125086132,0.15750624718397505,0
-0.9223563687942922,1.0189528501402196,1.286054313281236,-1.2212495406627466,-0.5868626470034906,1.0406096661270847,0.677657777494631,-1.631248131794848,0
0.6867097950842527,-0.139357059417993,-1.0484938086953235,0.14373459548053388,-0.5868626470034906,-0.7984648542742431,0.5534756519598939,-1.184044515978353,0
-0.9223563687942922,0.21479282198913172,-0.8525962468418216,0.5939007858347982,1.8541604947787924,-0.7984648542742431,0.16240918857287764,-1.2053179769585434,1
-0.2927217829287746,0.5170814499047933,2.0190477146593433,-2.0125486372305796,-0.5868626470034906,0.12107240592642077,1.7334417809335165,0.22412776861125433,0
1.1764255840907663,-1.6074614711353692,-0.000426142292051261,1.0613017331203949,-0.5868626470034906,0.12107240592642077,-0.20743261660186665,0.05400105068588207,0
0.6167503966547507,-0.09219964276431956,1.0700900931452921,-0.3830204354067662,-0.5868626470034906,-0.7984648542742431,0.13096907747639536,2.481660514939189,0
0.8266285919432566,0.07101656958701638,-0.2482888695208745,0.7082799680374228,-0.5868626470034906,-0.7984648542742431,-0.3599110062038795,1.3652592023417496,0
-1.2021939625123,0.3121756581565038,-2.205208248114155,1.6586926561726398,3.074672065669934,-0.7984648542742431,-0.6355040672620162,-0.9187048995754625,1
-1.062275165653296,2.151014028223236,0.7054964243797338,0.20798778255713496,-0.5868626470034906,-0.7984648542742431,-0.08031160861374391,0.5965791507385247,0
0.8965879903727585,-0.5649854979474664,-0.7062598837494295,-0.1552268682850987,0.6336489238876509,-0.7984648542742431,-0.38876273857451527,0.6338012737918318,0
0.4768315997957468,-0.4498468243697798,-0.16452416470033868,0.12930151846353027,-0.5868626470034906,-0.7984648542742431,0.8269002472332706,0.37633121459185814,1
-0.012884189210766821,-0.925839474839725,-0.4280546357777106,1.1326197039393724,0.6336489238876509,-0.7984648542742431,0.7677667554556766,-0.6185639005771376,0
0.9665473888022604,1.6173320595551526,-0.8105504120406273,-0.0007961172699299593,-0.5868626470034906,1.9601469263277485,-1.1721151660972267,-0.9506516974148111,0
-0.6425187750762843,-1.41895592653562,1.6523521860340198,1.5180103414438915,0.6336489238876509,-0.7984648542742431,-0.4663901024966433,-0.36783848280373654,0
0.9665473888022604,0.2099221454825736,-1.4186374830832942,0.03493102043308302,-0.5868626470034906,-0.7984648542742431,-1.5320465917294706,-0.2746718472184556,0
0.9665473888022604,1.5884000116563874,0.2229480202927222,0.38810826074715177,-0.5868626470034906,0.12107240592642077,1.7747331188042634,0.9031441393211995,1
1.3163443809497701,0.10002598015891537,-0.6956608093041695,1.0012976977286479,-0.5868626470034906,-0.7984648542742431,2.6622583044702504,0.5789064006211562,1
-1.4120721578008057,1.257315300192194,-1.4546211704574723,1.0953750103317788,0.6336489238876509,-0.7984648542742431,-1.1420574482173222,-1.631248131794848,1
-0.08284358764026876,-1.10304768584704,0.21977086560375655,1.4629979534008386,-0.5868626470034906,-0.7984648542742431,-0.8380468268265453,-1.308269831865765,0
-0.36268118135827654,-0.5098177819611375,0.1776804956609082,-0.014648945348079433,0.6336489238876509,1.0406096661270847,1.6146617773171026,1.1392558420702283,0
0.05707520921873513,0.5384536582866952,-1.0844656690425145,-0.2029940333346569,-0.5868626470034906,-0.7984648542742431,-0.44061638331433156,0.5298269292888665,0
-1.2721533609418019,-0.1593423602888072,-0.6416986618965914,-0.9420294454489799,-0.5868626470034906,-0.7984648542742431,0.5677105438912174,0.7838455940851997,0
-1.4820315562303077,-0.49340248651758944,-0.8533173330261495,-0.4238604017381393,-0.5868626470034906,1.0406096661270847,1.0623324605722837,0.25911903694422894,1
0.9665473888022604,-0.5582105703134108,0.7427738273419802,-1.3873749715095742,0.6336489238876509,1.9601469263277485,0.2888838224887427,-1.631248131794848,1
-1.6919097515188135,1.0749317885528185,1.9348252652270792,-0.3539553939938457,-0.5868626470034906,2.8796841865284124,0.10855355944499638,0.739233325424407,0
0.7566691935137546,-1.957434281706918,-0.2650333581036042,0.5502171265269321,-0.5868626470034906,-0.7984648542742431,-0.43066480056100254,-0.42148005415790263,0
-1.6219503530893116,0.24360941901414482,-2.14558901585005,0.615215304718525,-0.5868626470034906,-0.7984648542742431,1.9765446954431418,0.37061527525607846,0
1.6661413730972798,0.3258423982081861,0.8758642257715423,-1.3965542191373848,1.8541604947787924,-0.7984648542742431,-0.8207000963566222,0.9828196276361397,1
-0.22276238449927266,0.10355475617440253,0.5697207174567211,1.1707198820605433,0.6336489238876509,1.0406096661270847,-0.5986392990438063,-0.9207218437078968,1
0.5467909982252488,2.1429240597226675,-0.052660525776478014,0.23528938480541856,-0.5868626470034906,-0.7984648542742431,2.2104301681483567,0.2537132595434561,0
1.526222576238276,-0.8092789526210357,-0.06623127787717703,0.513468097708173,-0.5868626470034906,0.12107240592642077,0.2734617347338822,2.3067103422292576,0
0.8266285919432566,0.09263845663427597,1.2495110389188138,-1.8460311524444863,-0.5868626470034906,-0.7984648542742431,1.4716004362637625,-0.3533580218904571,0
0.05707520921873513,0.24523898822100534,-0.4287575173464945,-1.1725503555189816,-0.5868626470034906,2.8796841865284124,1.081094131173361,0.6595795479245472,0
0.5467909982252488,0.5933226311839597,-0.9233985625249771,-2.278660678535336,0.6336489238876509,-0.7984648542742431,0.7634648832213933,-1.631248131794848,0
-0.2927217829287746,-0.05247707842667725,-0.47527855270254105,-0.571388258339099,0.6336489238876509,-0.7984648542742431,0.011222955258858362,0.02100701998031963,0
1.3163443809497701,-0.07283501405267623,-1.8115538033837209,-0.7204918785395052,3.074672065669934,2.8796841865284124,1.1438997187101736,-1.0880062915115796,0
-0.9923157672237941,-0.014888291950703214,0.814823782291246,-0.8956740481838927,-0.5868626470034906,-0.7984648542742431,-1.1150154809272288,0.6877443700247418,0
0.8965879903727585,-0.5760210156306671,0.6877287010631598,-0.027671476900681502,-0.5868626470034906,0.12107240592642077,0.6367764194104917,2.7007298561081283,0
0.40687220136624486,-1.1231693078178,-2.6742867082299804,-0.8843115282802829,-0.5868626470034906,-0.7984648542742431,1.2736043480224088,1.1964471179583775,1
0.6167503966547507,-0.7162555152040161,-0.7823386709806953,3.5923628143489195,1.8541604947787924,-0.7984648542742431,-0.5008822079742079,0.6381570441964247,1
-0.08284358764026876,0.9388045933380933,-0.10428958199002003,-0.5750791946371637,-0.5868626470034906,1.0406096661270847,0.902920441931184,-0.18603841978275246,1
1.526222576238276,0.7945770250757015,0.8851478466489744,0.3867180024783337,0.6336489238876509,0.12107240592642077,-0.3360301799418074,-0.07967024990209133,0
-0.22276238449927266,-0.40230417853131445,1.19381026634628,0.2195918378371161,-0.5868626470034906,-0.7984648542742431,-0.5972958710417507,-1.022057500870305,0
1.596181974667778,-1.3220704001709016,-0.11737355251790038,0.7976705140508031,-0.5868626470034906,-0.7984648542742431,0.7394107057314324,-0.7586593994727918,1
-0.15280298606977072,0.8001485766289018,0.17521784439907798,-0.3890216588730518,-0.5868626470034906,-0.7984648542742431,-0.3982531101138776,-0.6004937658149537,1
-1.4820315562303077,1.5693607046233269,1.0791866251029576,-1.3344733101021102,-0.5868626470034906,-0.7984648542742431,0.35060888632284165,-1.622695720217982,0
-1.2021939625123,2.4557913432751235,0.26586919835892325,0.19572896073642426,-0.5868626470034906,0.12107240592642077,-0.1937327706933006,-0.22530538053945284,0
-0.9223563687942922,-0.36201368319811617,-1.0168499329530274,-0.26575311894156667,-0.5868626470034906,1.0406096661270847,-0.8686285189438704,-1.140547443322875,1
1.526222576238276,0.4763436295266381,-0.16484859966638102,1.1318508245893197,0.6336489238876509,-0.7984648542742431,-0.4672248211551228,-0.4219903209419267,0
-1.3421127593713038,1.215866355692337,-1.4693765398511065,1.4093100618439944,-0.5868626470034906,-0.7984648542742431,-0.46986774615658405,-0.3752369963403759,1
-0.9923157672237941,-0.8676082078607631,0.16045720334323685,0.44916785899171574,-0.5868626470034906,-0.7984648542742431,-0.8765245302079164,1.8186985910113755,0
0.6867097950842527,0.8460423648258933,-0.7814108859718203,0.6187081143364237,-0.5868626470034906,-0.7984648542742431,0.8930440866614597,0.9018077870401332,0
1.2463849825202682,-1.5995832987414191,0.15385280062054382,0.605425184429077,0.6336489238876509,-0.7984648542742431,-1.6182604097114104,0.23536930929029326,0
-1.132234564082798,0.8501172072057731,0.04137981351264177,0.8570279236545717,-0.5868626470034906,-0.7984648542742431,0.7300069404198313,-1.1974349998751197,1
-0.43264057978777853,1.2555921847480158,0.8621766950660761,-0.5746502650712536,-0.5868626470034906,-0.7984648542742431,-0.2559328547001963,-0.7142595434067773,0
-1.132234564082798,1.5889471572220464,1.6321737050720444,3.232853199118058,1.8541604947787924,-0.7984648542742431,2.2755418491355037,-0.526446866687477,0
-1.4120721578008057,-0.5028734615298311,1.2566580025012015,1.0911253357984827,-0.5868626470034906,-0.7984648542742431,0.38054048679926883,-0.2115570495991147,0
-1.5519909546598096,-0.4279687374200632,2.301629434345069,-0.14292454699675972,-0.5868626470034906,-0.7984648542742431,0.17654462430391374,0.8918805821519741,0
0.9665473888022604,-1.165883665083237,0.804288185562914,-0.14449137776079962,-0.5868626470034906,0.12107240592642077,-1.3006467292418837,-0.46723380232373196,0
1.3163443809497701,0.762478801629874,-1.312450487696011,1.3072624958685577,-0.5868626470034906,0.12107240592642077,-0.0017531481100901394,0.11424733509799025,0
0.4768315997957468,1.1063767198885837,1.200893380650011,-0.3735375681664947,-0.5868626470034906,1.9601469263277485,0.40075839696829346,-0.6164794470045686,0
0.4768315997957468,-0.024461514113875468,1.5226240943965645,-0.6784195811071281,1.8541604947787924,0.12107240592642077,-0.08663606399158247,-0.6035707144575484,0
-0.012884189210766821,-0.5477411394503326,1.0042602446917284,1.2815876661210623,-0.5868626470034906,0.12107240592642077,-0.22184752022086518,-1.3767128725542728,0
1.3163443809497701,-0.1803612574700066,-0.26995067750791063,-1.9634322983178976,-0.5868626470034906,-0.7984648542742431,0.49233656555160266,1.9710648657396268,0
-0.5725593766467824,-1.563621296809611,0.8062737369755502,0.06196490505427827,-0.5868626470034906,2.8796841865284124,-1.4500617668020213,0.155321506858899,1
0.7566691935137546,-1.1825508285130863,0.6550843276759157,-1.9354669844562336,-0.5868626470034906,-0.7984648542742431,1.2463761946517264,0.06261323016304161,0
1.526222576238276,-1.957434281706918,0.9217462349883804,-0.18059236942081108,0.6336489238876509,1.9601469263277485,-1.5111176614937456,-1.0665700732432282,1
0.266953404507241,-0.3121895966560607,0.8204974041771881,-0.4642724567927124,-0.5868626470034906,-0.7984648542742431,-1.8803932934461876,0.19883385892654873,0
-0.08284358764026876,-0.5467685593237191,0.9068566055599568,-0.19737392979954904,-0.5868626470034906,1.0406096661270847,0.2753379578249114,0.6116937197650645,0
-0.7124781735057863,-0.9834241747825062,1.18627961946678,-2.127563916154863,0.6336489238876509,-0.7984648542742431,-1.323440225733693,0.06032079542274613,0
-0.7824375719352883,1.0663421456384636,-0.3314244638869504,-0.36013446960003775,-0.5868626470034906,-0.7984648542742431,-0.6016769840677421,0.42406753806681563,0
0.8965879903727585,-1.186675807812536,-1.0029239775668688,-2.278660678535336,-0.5868626470034906,-0.7984648542742431,-0.15419094340429915,1.277973886218334,0
-1.6919097515188135,2.501251169945554,1.056691534788837,2.099202249169661,-0.5868626470034906,1.0406096661270847,-0.15869566728048956,0.9302446754677464,1
0.8266285919432566,-1.957434281706918,0.3365146118283826,-0.19082833347518652,-0.5868626470034906,1.0406096661270847,0.3475803071173641,-1.1499786915098096,0
-0.9923157672237941,0.5241802894345885,-0.6545580152028776,0.5742941093047219,-0.5868626470034906,-0.7984648542742431,-0.864605307103615,-0.02082801273601218,0
0.5467909982252488,-0.3904649100245192,-1.768586520735214,-0.22769356729647916,-0.5868626470034906,-0.7984648542742431,1.131722030301968,1.4198121015212337,0
-0.8523969703647902,0.21142647538835177,0.2561169228384945,0.6717494295348281,-0.5868626470034906,-0.7984648542742431,0.37998664616042516,0.6030303832693493,0
-1.062275165653296,-0.19304125256256352,-0.05876751281830386,-0.44145999643244294,-0.5868626470034906,-0.7984648542742431,0.5035583905916549,-1.3261272585822386,0
-0.43264057978777853,-0.046900661912215966,0.735003337014319,1.1628266822817952,-0.5868626470034906,1.0406096661270847,1.13593286716962,-0.35276299231752783,0
-1.6219503530893116,-0.43189908121116377,1.716874092990343,0.6515196382929548,-0.5868626470034906,0.12107240592642077,-1.6072412258916586,1.9007253169647573,0
0.3369128029367429,-0.3661604247200172,0.3316891377600434,0.33989537032086914,-0.5868626470034906,-0.7984648542742431,1.9185815149975942,-0.03599122324332545,1
1.6661413730972798,-1.5250573645670453,-0.3326129504731583,-0.8993061200836268,-0.5868626470034906,-0.7984648542742431,-0.8333011074992541,0.048506407914492344,0
-0.22276238449927266,-0.8798089747503726,0.3075450962427754,0.7880085746837622,-0.5868626470034906,1.9601469263277485,2.5970645389399114,0.20023923859014964,1
1.526222576238276,-1.0610569346849097,-1.120986683944901,-0.466703545898139,-0.5868626470034906,-0.7984648542742431,0.3367162006999606,-0.6938945782081083,0
1.386303779379272,-0.5845232773543195,-2.2498175545960337,-0.3771409781756031,1.8541604947787924,-0.7984648542742431,0.49864217222097695,-0.38661747055968904,1
0.8965879903727585,-0.8989098022987321,-1.0374100314530281,0.66258039060781,-0.5868626470034906,0.12107240592642077,0.8203676930267992,-0.3397275670631903,1
-0.2927217829287746,0.4988036744174797,0.35777998003545575,0.010135915960502806,-0.5868626470034906,-0.7984648542742431,0.23433737758890416,0.3702354189898811,1
-1.2021939625123,-0.0238795652109234,-1.403164519669358,-0.6402705566705127,0.6336489238876509,1.0406096661270847,0.5669444272469882,-1.631248131794848,1
-0.7824375719352883,-0.37484969156084624,-0.3175981123355068,0.7522626793344266,-0.5868626470034906,0.12107240592642077,-1.1517599665223028,0.17540836364234239,1
1.0365067872317624,-1.6681706255288953,-0.40451148235201206,-0.17073638318929255,0.6336489238876509,-0.7984648542742431,-0.6514562791889622,-1.631248131794848,0
1.1764255840907663,-0.38397432762960976,-0.0708878562236383,0.5757427451713101,0.6336489238876509,-0.7984648542742431,-0.7958747337254309,-0.5468170804268426,0
1.456263177808774,1.0311106125221414,-0.5226554329421822,-0.008835990996966822,-0.5868626470034906,-0.7984648542742431,-1.164379506203993,1.456626710443298,0
-1.4120721578008057,0.32246494210929266,-1.9716210936165268,-0.786913386346639,1.8541604947787924,0.12107240592642077,-0.25939463190408785,0.9345678887631174,0
0.7566691935137546,0.6073383805177539,-0.5438558507702975,0.6529411870321109,-0.5868626470034906,-0.7984648542742431,1.2970574459023918,0.8477314057097382,0
1.526222576238276,2.360792053882453,-0.71942881831052,-0.7013744494055225,-0.5868626470034906,0.12107240592642077,-0.6076080332625866,-1.631248131794848,0
-0.6425187750762843,0.7306684128163184,-0.6835130378044367,0.13876821991669494,1.8541604947787924,-0.7984648542742431,0.038372131819833,-0.3748781417025404,0
0.9665473888022604,0.18115111094949754,-1.1507248989965329,0.6734820775565453,3.074672065669934,-0.7984648542742431,0.6538090755225907,1.2589597764281173,0
0.8266285919432566,1.4917320411794233,0.1741647183758769,-2.278660678535336,-0.5868626470034906,-0.7984648542742431,-0.5453482426977383,-1.631248131794848,0
0.266953404507241,-1.3410665942671933,0.023333246506240708,1.9359501245302781,-0.5868626470034906,1.9601469263277485,0.32089212385508153,2.094535372494599,0
-1.6219503530893116,-1.0497163306911395,0.7896612167813982,-0.5379910243411598,0.6336489238876509,-0.7984648542742431,0.7554935904950213,-1.5952670588775808,0
-0.012884189210766821,-0.6419259729194413,0.33247157488091866,-0.1686027898342162,-0.5868626470034906,-0.7984648542742431,0.4677658374350911,-0.6242375449833958,1
-0.9223563687942922,0.2868709194439806,0.4454732097621964,-0.23989373557552374,1.8541604947787924,1.0406096661270847,0.8790513379863972,-1.631248131794848,0
1.456263177808774,1.0152026947574135,-1.1032113395322891,-0.6896030254066128,-0.5868626470034906,-0.7984648542742431,-1.373710133742395,2.286240253190845,1
-0.8523969703647902,-0.23638856853186738,0.14824786663104655,-0.6701969718002725,0.6336489238876509,-0.7984648542742431,0.11364218619731004,-0.4439027349107642,1
0.40687220136624486,-1.293005077823855,-1.4420552037173902,0.21074417486230596,-0.5868626470034906,1.0406096661270847,-1.6446028696189583,-0.47130522945874526,0
-1.062275165653296,0.08591398351412614,-0.2042837443480931,1.101304477842223,0.6336489238876509,0.12107240592642077,2.121368781489037,-1.2457090075789368,1
-0.43264057978777853,-0.21582813308000212,-2.8946374997042814,0.5814692970854115,-0.5868626470034906,0.12107240592642077,0.6090112303107883,2.5633215988536886,0
0.4768315997957468,0.5507280236362914,0.08926744280367235,-0.36882437372707305,-0.5868626470034906,-0.7984648542742431,0.7484828860623903,-1.6036875787581182,0
-1.062275165653296,0.6507316359234089,-2.0597781106022817,0.9146243221776111,0.6336489238876509,-0.7984648542742431,0.2508631088093662,-1.631248131794848,1
0.9665473888022604,0.09151896001145242,1.2463128610159482,-0.14325100167979252,-0.5868626470034906,-0.7984648542742431,0.7211303770147616,2.6140647313298597,1
0.5467909982252488,0.034471445175439576,-1.6493195222992518,0.010199248106182078,-0.5868626470034906,1.0406096661270847,0.0381110690069974,0.12528893216396608,0
-1.5519909546598096,-0.6185611473571975,0.3895833235868104,-1.076561041676976,-0.5868626470034906,1.9601469263277485,1.0471222179195736,-0.7270625778922896,0
-0.08284358764026876,2.6552320448490847,-0.7999604197467737,-2.278660678535336,0.6336489238876509,-0.7984648542742431,-0.37699178600238586,0.10263432234009287,0
-1.2021939625123,-1.0108207330373136,-0.74804634825612,-0.025748978696316364,-0.5868626470034906,1.0406096661270847,-1.3394525075225463,-1.2710709590353184,1
1.0365067872317624,1.0819850702237626,0.601567132846116,-1.584813379970775,-0.5868626470034906,-0.7984648542742431,-0.3911385361964033,0.8995586303849843,0
-0.22276238449927266,-0.7982322821686809,0.12787243737149132,0.18433071012637353,3.074672065669934,-0.7984648542742431,0.3516506374693297,-0.23027934332919364,1
1.596181974667778,0.7242165181299018,-0.774874633216621,-1.0253116641890507,1.8541604947787924,1.0406096661270847,-0.8695080545326438,0.9057291399364011,1
0.40687220136624486,-0.9166105041989798,2.301629434345069,-0.8113675356187388,-0.5868626470034906,-0.7984648542742431,-0.950487709438223,-1.3792542542468993,0
-1.6219503530893116,0.49947672528549036,-0.577932313191089,-0.5530043747819713,0.6336489238876509,1.0406096661270847,0.2713739668156199,-1.5399632172129174,1
-0.5725593766467824,-1.6828322234025364,0.534189812834897,-0.6857192212754455,-0.5868626470034906,0.12107240592642077,-0.20548624853978356,-0.589600582212301,1
-0.7124781735057863,-0.28977594313031535,-1.4321646110695587,0.48092824342299334,3.074672065669934,0.12107240592642077,-0.1183107160107736,-1.631248131794848,1
-0.9923157672237941,-0.27303222276542305,1.5817538645910196,-1.8652170508434407,1.8541604947787924,1.0406096661270847,0.3504778313051452,-0.7579371304412131,0
1.2463849825202682,-1.957434281706918,-1.5206506389553203,0.31475271300415203,-0.5868626470034906,0.12107240592642077,-1.8803932934461876,-0.5748583377509454,1
0.12703460764823707,1.06898463900033,-0.6422079790936605,-0.1129056825838612,-0.5868626470034906,0.12107240592642077,1.1804927964209664,1.4288384915679215,1
1.6661413730972798,0.0712434574514601,-1.0544705674550494,-2.003968211553224,0.6336489238876509,0.12107240592642077,0.9747953666849889,0.02705479823756274,0
-1.132234564082798,0.7484603946741172,-0.812333043537193,0.14465110666839617,0.6336489238876509,0.12107240592642077,0.5166281208330987,-0.4186509525579244,1
-1.6219503530893116,-0.7763017913056599,0.8685437646730084,0.854363110577714,0.6336489238876509,0.12107240592642077,0.4451059779038427,0.4671094357984526,0
-0.7824375719352883,-1.7651188589280826,-0.39394761931926325,-1.973943513012272,-0.5868626470034906,0.12107240592642077,1.231474725888861,1.138115431867105,0
-1.5519909546598096,0.14362488304038198,-0.19017954131765727,0.7796443806859871,1.8541604947787924,-0.7984648542742431,1.0531344300383192,-0.9506592456490536,1
-1.4820315562303077,1.1590994110816704,1.0036467456349532,1.6790086820333445,-0.5868626470034906,0.12107240592642077,-0.27923691550645874,1.2309541014120933,0
0.266953404507241,-0.7349396906845006,-0.11430770712346437,-0.3899366743547611,-0.5868626470034906,1.9601469263277485,0.1280012942947234,0.2178067109866349,0
1.0365067872317624,-1.0946902802304932,1.1058696614505295,-0.46681076499236573,-0.5868626470034906,-0.7984648542742431,-0.26774107598746927,0.44618593488314356,0
-1.4120721578008057,-0.014882146605517484,1.3652478802868138,1.2828260956362663,3.074672065669934,-0.7984648542742431,0.5373376912970104,-1.631248131794848,0
1.6661413730972798,0.4090305522166215,-0.20254441048473712,1.1249999337453118,-0.5868626470034906,-0.7984648542742431,1.2246560225409724,1.2288777423772406,0
0.6867097950842527,-0.6234512427373733,0.6045700102290243,-1.0276025430723623,-0.5868626470034906,-0.7984648542742431,1.0240448956972363,-0.1280131621479872,0
1.526222576238276,-1.0673074070241668,-1.1345617072577596,0.6950839314280273,-0.5868626470034906,-0.7984648542742431,-0.22468328978993657,-1.601526399629281,1
1.526222576238276,-1.1533931739980738,-0.2180701317049039,0.14485514817259043,-0.5868626470034906,-0.7984648542742431,-1.205079642857767,-1.5442926614825958,1
0.4768315997957468,1.6220756102414515,-1.8922602018031265,0.09898425822653656,-0.5868626470034906,0.12107240592642077,-1.75020726397646,0.260827433043318,0
-0.43264057978777853,0.6297260213885167,0.9668560930237582,0.5431544291527991,-0.5868626470034906,1.0406096661270847,0.2112975302841545,-1.631248131794848,0
-0.08284358764026876,1.1631963440734652,-0.10597597646656337,-0.18410761746314228,-0.5868626470034906,-0.7984648542742431,-0.8416203073342369,2.382447960956395,1
0.196994006077739,-1.957434281706918,-0.7687660370408342,1.365633755738754,-0.5868626470034906,0.12107240592642077,0.5333473448978672,2.626847177116555,1
1.1064661856612643,1.9130384201908095,-0.4063509846812924,-0.6090590888038744,-0.5868626470034906,0.12107240592642077,0.35474441930494893,1.9692438900746128,1
-1.4820315562303077,0.16538409227091613,1.3939414788442999,-0.3150599296014232,-0.5868626470034906,0.12107240592642077,-1.3133009824028883,-0.8637479621588692,0
-0.15280298606977072,-0.05365892962654669,-2.6666160561484182,-0.757991064434079,-0.5868626470034906,-0.7984648542742431,0.21718048080622032,0.6999149511632929,0
0.7566691935137546,0.3632850026999317,-1.8424620782026384,0.2782984698277196,0.6336489238876509,-0.7984648542742431,0.8813775630595847,0.16112038041092808,0
-1.6919097515188135,-0.8746899821673264,0.7394355474529537,-0.25984039142904425,0.6336489238876509,-0.7984648542742431,-0.9618230230178089,1.792659132511062,0
1.386303779379272,0.9818027732943658,-0.7550444870527904,-0.2331472938397776,-0.5868626470034906,0.12107240592642077,0.22068582213285645,1.1296870988531706,0
-0.15280298606977072,0.0681381904045324,-0.41321822900077154,0.21890281235406409,-0.5868626470034906,-0.7984648542742431,1.0834307404069616,-0.44492845455308205,1
-0.5725593766467824,-0.5304046658126178,0.058226836451733904,-0.9326845023932868,-0.5868626470034906,-0.7984648542742431,0.8983636388539967,-0.3896849024203611,0
-0.9223563687942922,-0.6170054391298221,-0.9425883691470766,-0.6513629330049994,-0.5868626470034906,2.8796841865284124,0.2997773041847685,0.3481839214452633,1
1.1764255840907663,0.14442493258959724,-0.738535910442724,1.1789056111722802,3.074672065669934,-0.7984648542742431,-0.3254465745102412,-0.8315896518325586,1
0.9665473888022604,-0.5316396988428725,0.9062050264370629,-2.0872367835944514,-0.5868626470034906,0.12107240592642077,-1.5367691277138118,0.610099977741654,0
-0.22276238449927266,0.4421299692512935,-0.13954002196245305,0.8898197088583584,-0.5868626470034906,1.9601469263277485,-1.8803932934461876,0.1631862377639074,0
0.5467909982252488,0.36433089760968107,-0.6931535876683795,-0.23995492646083263,-0.5868626470034906,-0.7984648542742431,-0.6595570808688753,-0.18187000602324485,0
1.456263177808774,-0.7307837941584756,-0.07229373929867675,1.2243882436865632,-0.5868626470034906,-0.7984648542742431,1.1939921955172383,-0.5057337188832854,1
0.3369128029367429,-0.23362629073753738,1.6257085967179785,-1.1229353309142913,-0.5868626470034906,-0.7984648542742431,0.5370138960115262,-0.9762049112634099,0
0.6867097950842527,-1.0777106611535552,-1.6938789962157965,0.10147143489947118,1.8541604947787924,0.12107240592642077,-0.014361333088624095,1.247719266183154,1
1.1064661856612643,0.9906354544013167,0.9499533055257923,-1.6457168514918203,-0.5868626470034906,-0.7984648542742431,0.37351888908466024,-1.2120698257010059,0
1.386303779379272,-1.0364726720253652,0.40850308798367824,-1.8366205176361032,-0.5868626470034906,1.0406096661270847,0.010233371012309677,0.31440265660842565,1
-0.15280298606977072,-0.17901749850492593,1.2870584637176665,-1.0340385963381469,0.6336489238876509,-0.7984648542742431,0.26630947084044615,2.785773333415747,0
-0.5025999782172804,1.000350969693228,1.5582047628931188,-0.10921582602358362,-0.5868626470034906,-0.7984648542742431,1.7953185919139316,-1.631248131794848,0
-0.22276238449927266,0.8107849659850476,-0.6166075214117651,1.602804516833839,3.074672065669934,2.8796841865284124,0.8936874720075151,1.1119382483593938,1
0.12703460764823707,0.3644553486219298,1.2009306160338191,0.49815614967972377,-0.5868626470034906,-0.7984648542742431,-1.3886289738936515,-0.12188804018475556,0
-0.5025999782172804,1.357959764650932,-0.2821417319080218,0.27596838224987597,1.8541604947787924,1.9601469263277485,1.2298382105091792,-0.9911963869961968,1
1.3163443809497701,0.3994737166323776,-0.6799025126372672,0.5028750980416901,1.8541604947787924,1.0406096661270847,-0.3528759604008193,-0.3375615468716635,1
-0.012884189210766821,-1.3813674696438971,0.6612800800746961,-0.7828467143547478,-0.5868626470034906,-0.7984648542742431,-1.8803932934461876,-0.13662595569818578,0
-1.062275165653296,-0.7226934912558864,0.7509031500786514,-0.6275817428368051,-0.5868626470034906,0.12107240592642077,0.5927372234143364,-1.631248131794848,0
0.12703460764823707,-1.0864253294748838,0.23033708554932267,0.3291189728059739,-0.5868626470034906,-0.7984648542742431,1.7364238922841453,2.0868755496114275,1
1.526222576238276,-0.2662038673418713,-0.4650566390770099,1.501086416433398,1.8541604947787924,0.12107240592642077,0.20157763243877677,-0.42836515132975084,1
0.05707520921873513,0.8179002663785421,-0.24850195684907367,0.6605568944049559,1.8541604947787924,-0.7984648542742431,-0.1991754763065081,1.953179730565429,0
-0.36268118135827654,0.3390861856031549,0.8215779181629992,-0.04702458026921946,-0.5868626470034906,1.0406096661270847,-0.0034187160826606422,1.6578703455958212,0
1.6661413730972798,-0.5384051257116087,-0.2156838162947908,1.1748691407069725,0.6336489238876509,1.0406096661270847,0.9125538755258943,0.9360202895892983,0
-1.6919097515188135,1.0989845913598295,1.2902608754118845,-0.6813854443978465,0.6336489238876509,1.0406096661270847,1.127842466889195,-0.7619987820331454,0
-1.6219503530893116,-0.3683316503092776,-1.095489260185529,0.055865367346135834,-0.5868626470034906,-0.7984648542742431,0.3802182093958105,0.7767591068662222,1
-1.4120721578008057,0.3950612570122919,0.5445729792004915,0.8099711607341578,1.8541604947787924,-0.7984648542742431,1.1408270644046241,0.976243470883811,0
0.4768315997957468,-1.2345774589800271,0.18143497591406793,0.10612525238498019,-0.5868626470034906,-0.7984648542742431,2.257463748860773,0.4987968913861561,0
0.12703460764823707,0.09861172263697171,0.0548646824932186,-0.056001201399614564,-0.5868626470034906,-0.7984648542742431,-1.8114416499924941,-0.34563393211794113,0
1.6661413730972798,-0.772238949215318,1.0997711500819276,-0.5031573188532905,0.6336489238876509,1.0406096661270847,-0.09136325952696533,1.0387837412685226,1
0.40687220136624486,0.3189062570588057,-1.485405431159389,-1.4038731739138997,0.6336489238876509,-0.7984648542742431,0.3670888878379742,-0.3983412884829818,0
1.0365067872317624,-0.7845269070839627,-0.826160726642873,1.2427375120085968,-0.5868626470034906,-0.7984648542742431,-0.8885246118320386,0.49595620877399205,1
-0.8523969703647902,-1.4258008198004593,1.0733509905332184,1.5902587223673856,-0.5868626470034906,0.12107240592642077,0.775269792747761,-0.21941034405762924,1
-0.6425187750762843,-1.957434281706918,0.11516590822013026,-1.1194578307251786,0.6336489238876509,1.0406096661270847,3.376100816701005,0.5563229723931042,0
-0.5025999782172804,0.14594725176885348,-3.399011102053381,-1.7599949259506515,-0.5868626470034906,-0.7984648542742431,1.1223702008733538,-0.28183310118411736,1
1.3163443809497701,0.7538752291416455,-0.9531242516535611,1.8023726621132943,-0.5868626470034906,-0.7984648542742431,-0.3761603033770571,1.5819614132227073,0
-1.6919097515188135,0.39982535175276457,-0.8796437135635743,1.0915033570557287,-0.5868626470034906,-0.7984648542742431,1.4033118381609735,-1.5498589531648648,0
0.6867097950842527,1.4415360201317517,-0.9153977478570821,-0.8827341680794225,-0.5868626470034906,0.12107240592642077,0.07974614143131213,0.7801338104310133,0
1.2463849825202682,-0.9404365549264245,-0.2790099938222043,0.7301182230073586,0.6336489238876509,-0.7984648542742431,0.30123330152995376,0.9977579654323514,0
-0.43264057978777853,-0.45630706421261397,-0.4434304727199964,-0.17957596735247897,-0.5868626470034906,0.12107240592642077,0.19936231635114185,-1.631248131794848,1
-0.15280298606977072,-0.1953613810089172,-0.8354299844191446,0.35907998831639654,-0.5868626470034906,-0.7984648542742431,-0.37415531210737407,1.9994621768018976,1
-0.6425187750762843,-0.4029520243917477,0.5790230335371985,-0.9379058782506072,-0.5868626470034906,0.12107240592642077,-0.7740114378168703,2.8412035790620176,0
-0.5025999782172804,-0.734637288909417,0.21208355030632936,-2.0160138742320655,0.6336489238876509,-0.7984648542742431,-0.6623959548023413,0.20190175153330478,0
-1.2021939625123,-0.2292679360003227,1.3050111639496687,0.12707682472017115,-0.5868626470034906,1.0406096661270847,-0.7129764674063706,0.6344817736216121,0
0.4768315997957468,1.0580565590832498,-1.2259135325202728,-0.8249419958240146,1.8541604947787924,-0.7984648542742431,0.5042001457880196,-1.3600945870351582,1
-1.132234564082798,-0.7189577378579425,0.3660040161232916,0.5027441071147561,0.6336489238876509,-0.7984648542742431,1.3166885281390084,0.7489846890906311,1
1.526222576238276,0.8914257444073245,0.6853234524317725,1.7365715947453382,-0.5868626470034906,-0.7984648542742431,-0.8126986989531201,-1.631248131794848,0
-0.15280298606977072,1.1392196169051703,0.5520412845477529,-1.3728315817066312,-0.5868626470034906,0.12107240592642077,-0.07696705623638571,-1.631248131794848,0
-0.22276238449927266,-0.0028622811682875895,-2.441135429551791,-0.373803177463918,-0.5868626470034906,0.12107240592642077,0.3168475432311425,1.153815846242343,0
0.266953404507241,-0.6507363045519092,0.6479544747424385,1.0231940058685995,0.6336489238876509,-0.7984648542742431,-0.20909274060948785,1.3529587407684365,0
0.196994006077739,-0.4911584523943239,0.3509240929852737,-0.3576565444080389,-0.5868626470034906,-0.7984648542742431,1.2024756779802264,-1.448984440713167,1
1.6661413730972798,-0.7269170974426014,0.566443491026852,-1.12816525742154,-0.5868626470034906,0.12107240592642077,-0.8754735030112109,-0.03779324718164149,0
0.4768315997957468,-0.8325470819159868,-0.19659695675619585,-1.733406475148263,0.6336489238876509,-0.7984648542742431,-1.369195023585709,-0.08595524614572336,0
-1.2021939625123,0.7550166867754454,-0.38451739672700225,-0.376056249291139,-0.5868626470034906,-0.7984648542742431,0.13864785584488545,0.2801396557198608,1
-1.6919097515188135,0.1692713186890343,-1.5969759039469078,-0.16862637305544992,-0.5868626470034906,1.0406096661270847,-1.2932589397668366,-1.2316926085937654,0
0.5467909982252488,-1.957434281706918,1.5740601932088858,-0.086122471733614,1.8541604947787924,-0.7984648542742431,-1.7397243835937402,-1.631248131794848,0
0.3369128029367429,1.6050037027148756,-0.3681281249859056,0.12182155670229994,-0.5868626470034906,1.9601469263277485,0.47816445504939575,0.8577269444757964,1
-0.5025999782172804,-0.6845616266112577,-1.1150974159692055,0.8008269470540001,-0.5868626470034906,0.12107240592642077,0.2045414221041612,-0.18937819524651614,0
-0.08284358764026876,-1.709961710959413,1.3271287151127833,0.1415732258078863,-0.5868626470034906,-0.7984648542742431,-1.8803932934461876,-1.631248131794848,0
1.1064661856612643,0.9552769961408957,-0.7937249747481735,0.2565782876023086,-0.5868626470034906,-0.7984648542742431,-0.9348927252256196,-1.2988895276621684,0
1.1064661856612643,1.4248551050221152,0.7856057284388493,-0.6917623996264164,-0.5868626470034906,1.9601469263277485,-0.10039676514269093,-0.3480189592925329,0
-0.2927217829287746,0.9915457519154643,-0.9644163343188698,-0.7918904659493889,-0.5868626470034906,-0.7984648542742431,0.7688717459885966,0.4443763115778726,1
0.05707520921873513,0.705686727924775,0.6641836987805964,0.9259456655105224,0.6336489238876509,-0.7984648542742431,0.7065825288333065,0.023981681867719165,1
1.0365067872317624,0.6639887751232091,-0.9536641972610903,0.2966300980570963,-0.5868626470034906,-0.7984648542742431,-0.015462066514958185,-0.20686396271432053,1
1.3163443809497701,-1.0874685534209987,0.036579895062891846,-0.3695588718603417,3.074672065669934,0.12107240592642077,1.0885278199422261,0.9678934000270086,0
0.4768315997957468,1.9268587904954169,-0.7969280804908536,-0.18262900351342587,0.6336489238876509,-0.7984648542742431,1.2860751394966092,-0.7052148049201309,1
-1.2021939625123,-0.19954897069786007,-0.669217462745516,-0.25293734075437313,-0.5868626470034906,-0.7984648542742431,-0.5035536642336195,-0.9450191810282079,1
-0.08284358764026876,-0.26940584446953497,1.4993488755163402,1.311670950645974,-0.5868626470034906,-0.7984648542742431,-0.23824617749205876,0.5628918616827211,0
0.8266285919432566,0.050308792486328836,-0.5151538465215375,-0.2649088510105108,-0.5868626470034906,1.9601469263277485,0.1685586542896696,2.1060686902709205,0
0.5467909982252488,-0.5414933315109832,-1.8727233991822054,-1.851966846505203,-0.5868626470034906,-0.7984648542742431,1.8354920910758967,-1.631248131794848,1
1.2463849825202682,-1.2138865826370027,0.8524509817744693,-0.19392946634710667,-0.5868626470034906,0.12107240592642077,-0.19158635670462626,1.4194280354314641,0
0.40687220136624486,0.4147981752043117,0.8005881677154943,1.2110318045212873,-0.5868626470034906,-0.7984648542742431,-0.2615775624075277,0.0570152872030404,1
0.8965879903727585,-0.11363939524079948,-0.6714584717853749,-0.9435621748758101,3.074672065669934,0.12107240592642077,1.8425570452522388,1.6063598361904279,1
-0.43264057978777853,3.063300511912322,-0.5201911389943255,-0.19796529595962822,-0.5868626470034906,0.12107240592642077,0.8198927059308245,-0.9834167518086584,0
-0.9923157672237941,0.08880255011969847,1.2834551992427579,0.8274250895408776,-0.5868626470034906,1.0406096661270847,-1.0597203757050841,-0.3685134616885617,1
0.6867097950842527,-1.587386215486189,-2.575580861855216,-1.0953697017487456,-0.5868626470034906,0.12107240592642077,0.5887554043229308,-1.3471068923989844,0
1.1764255840907663,-0.8418343902033434,0.34301172820343856,0.06038462302146306,0.6336489238876509,1.0406096661270847,-0.8955746334589095,-0.771576355483076,0
-0.9223563687942922,-1.7371400263557548,-0.814675503062455,-0.361823824436718,-0.5868626470034906,0.12107240592642077,-1.019510569535009,-1.5113390305310355,0
-0.08284358764026876,-0.8021210183844734,-0.33348099281057425,1.566153256340151,-0.5868626470034906,-0.7984648542742431,-0.2974930863749379,-0.8962442416044176,1
0.266953404507241,-0.6298357836599319,0.10711552896433117,-0.035688039902872074,-0.5868626470034906,0.12107240592642077,-0.24109524658804418,-0.632192487890426,1
1.1064661856612643,0.9764798877732628,0.1683147359794797,-1.0734033754808776,1.8541604947787924,-0.7984648542742431,0.49650403104373114,0.17645989400541853,0
1.526222576238276,-1.2543544372423547,0.38337085501332,-0.622345930116096,-0.5868626470034906,-0.7984648542742431,-1.6005072767414203,-0.33787126191315286,0
0.12703460764823707,0.01632380315039807,-0.37766503343863206,0.5027636348106458,-0.5868626470034906,-0.7984648542742431,0.9411099027151534,-0.9431814806514518,1
0.3369128029367429,-0.16752448263872058,2.2524919207438288,-0.3357614230108577,-0.5868626470034906,1.0406096661270847,-0.04906787113630571,0.055320361318867355,0
0.266953404507241,-0.39161115799869917,0.07278056104869407,-1.499449279598892,0.6336489238876509,0.12107240592642077,1.2568930170262187,0.4178079264927596,0
-0.2927217829287746,0.7548993291264144,-0.5083157877705877,-0.04258843328005657,-0.5868626470034906,0.12107240592642077,0.5587647749992338,-0.7096291133775597,0
-1.4820315562303077,-1.5705486275373572,1.5840200064128995,-0.48746489682372096,3.074672065669934,-0.7984648542742431,-1.4901951662803818,-1.631248131794848,0
0.196994006077739,-1.6549967849765088,1.3823449807128343,0.5730896573235369,-0.5868626470034906,-0.7984648542742431,0.3835684609434777,-1.631248131794848,1
0.196994006077739,-0.683965488985757,0.11161688390145819,0.8340278401554883,3.074672065669934,-0.7984648542742431,0.14380409064649205,0.6718184649331191,1
0.5467909982252488,1.2972954415022107,-0.7542155557487253,-1.4654999795749724,0.6336489238876509,-0.7984648542742431,-1.5808945680590725,-0.0297679193633289,0
1.386303779379272,0.26524309705992644,0.6153830436773726,1.0800032698453441,-0.5868626470034906,0.12107240592642077,0.7818623047040373,-1.631248131794848,0
-1.4120721578008057,-1.3316957501449913,0.1274857613369491,-1.100392496997826,0.6336489238876509,0.12107240592642077,-0.8949331094834421,-0.35508549845024834,0
1.1064661856612643,-0.5855463733604671,0.6398657053138792,0.6547142259270706,-0.5868626470034906,0.12107240592642077,-0.002745171542145574,-0.9481557259458486,0
-1.4820315562303077,2.115317335149394,-1.0761945900800474,-1.4715426584943188,0.6336489238876509,-0.7984648542742431,0.5490921411709768,-0.08439290176865502,0
-0.6425187750762843,-1.957434281706918,0.3150906237218521,0.24818877298342204,-0.5868626470034906,-0.7984648542742431,-0.6700467977630584,-0.9187992446397402,1
0.9665473888022604,1.6739238632016487,1.4804611384337234,-0.7582327899153467,0.6336489238876509,-0.7984648542742431,-0.4265965021806607,0.9173673907627339,0
-1.6219503530893116,1.264346243702057,-1.731841527540366,0.048957965224391345,-0.5868626470034906,1.0406096661270847,0.14667238719967854,-0.20510480572766038,0
0.6867097950842527,-1.0704102748673638,-0.6453608720054735,-1.0804741263691522,0.6336489238876509,0.12107240592642077,0.34014383963653005,-0.8283866198644757,1
-0.9223563687942922,1.2946273721867751,-0.04613519044334589,-2.121088066183528,-0.5868626470034906,-0.7984648542742431,-0.5226809523037168,-1.4260862312704232,0
0.9665473888022604,-0.3021898179339504,-1.2170616201993476,-0.009594424446713812,-0.5868626470034906,-0.7984648542742431,-0.37692011371861833,-1.631248131794848,1
0.05707520921873513,-1.2591429121385656,0.4498124334213016,0.05282501428503632,-0.5868626470034906,-0.7984648542742431,-1.8754677018353663,-0.7906056528846765,1
0.8266285919432566,0.40858490903771894,1.6503116218729306,0.6071055044259979,0.6336489238876509,-0.7984648542742431,1.0227400526897175,0.26216608653180584,0
-0.9923157672237941,-0.9194056785214582,-0.7295169239791899,1.155695347283138,-0.5868626470034906,0.12107240592642077,-0.08794416041802389,0.18774018158611674,1
0.6167503966547507,1.8101653222627503,1.322830105694828,0.19221636264805683,-0.5868626470034906,-0.7984648542742431,1.407868886700067,-0.4470032681587474,0
-0.36268118135827654,0.9056883501607577,1.3676319718150782,0.13059978128683944,-0.5868626470034906,0.12107240592642077,-0.35495130087686105,-0.3671677478247038,0
-0.9923157672237941,0.16121211197657753,1.3010289885960231,1.8997995176566282,-0.5868626470034906,-0.7984648542742431,-0.4328340162829746,-1.206232054138841,1
-0.9923157672237941,1.5578499028196007,0.16567385286730485,-1.3986268485272615,0.6336489238876509,2.8796841865284124,0.6018441097655495,0.5911766234690198,1
1.386303779379272,-0.13342636175783779,0.6795617006249154,-1.1151052418130825,-0.5868626470034906,-0.7984648542742431,-0.24176292080517947,-0.10995760839379837,1
-1.3421127593713038,-1.0243732487295565,-0.6531283887261585,0.024519032895181907,-0.5868626470034906,-0.7984648542742431,0.9822587849859988,2.0110553089184418,1
0.5467909982252488,-0.5762847809984064,-0.34372578463634845,1.5930442673608716,-0.5868626470034906,-0.7984648542742431,-1.2764579134094471,-1.3009509511679487,1
-1.132234564082798,-0.6875992384204973,-0.6180861981139221,2.1728665019808067,-0.5868626470034906,-0.7984648542742431,2.0351192905288205,0.547238173490795,0
0.266953404507241,0.14519930078969007,-0.1895129594044675,-0.9765791745509265,-0.5868626470034906,-0.7984648542742431,-0.09094688785749139,-0.21769257078439214,1
-1.132234564082798,-0.2615805601245002,-3.4471220017050195,0.9695068559934633,0.6336489238876509,0.12107240592642077,0.08000952937769946,-1.430683002511302,1
0.3369128029367429,-0.3829396611925198,1.3491750845533674,1.1502656614031044,-0.5868626470034906,0.12107240592642077,-1.6772935752903768,-0.7833974293741955,1
0.7566691935137546,-0.46315320015473693,-0.30965918300629347,-0.2583194992613652,-0.5868626470034906,1.9601469263277485,1.457005968921713,0.5637970280564811,0
0.6867097950842527,0.6393667836188465,-0.8395655024868353,1.0441339569147718,-0.5868626470034906,2.8796841865284124,-0.3921563792222868,-1.631248131794848,1
-1.062275165653296,-0.7877602337896069,-1.3250342855391137,-0.3866286112694848,0.6336489238876509,0.12107240592642077,1.2915019095204288,0.9817042597978753,1
0.3369128029367429,0.355324078920802,1.482920952603579,0.743062746647857,-0.5868626470034906,-0.7984648542742431,-1.5367384368998447,0.579592687826548,0
-1.2721533609418019,0.7280632135160546,0.8946924755267727,2.2637329261151584,0.6336489238876509,-0.7984648542742431,0.46275747842299014,0.8755693486513317,0
1.1064661856612643,-1.0803266476244482,-0.38331499724142487,1.2821692506391296,3.074672065669934,1.0406096661270847,-0.8892568719305084,-0.466118164768815,1
-1.6219503530893116,-0.027537215488066185,1.3641017386283893,0.9048686279895722,-0.5868626470034906,0.12107240592642077,0.970639260839372,0.46535841434267694,0
-0.9223563687942922,2.1919513375007504,1.1310297227445751,1.1531353552073684,-0.5868626470034906,-0.7984648542742431,-0.5546327198319361,1.2732995641981326,0
0.8266285919432566,0.5921891207253197,-1.43713886087989,1.4435858527721617,-0.5868626470034906,0.12107240592642077,-0.10275670900898681,2.6671132215636857,0
0.5467909982252488,-1.3999061802658233,-0.005437481672968172,-1.6104727771736544,-0.5868626470034906,-0.7984648542742431,1.4299001319614515,1.1966809875246511,0
0.6167503966547507,-0.5948213678708154,-1.8932846898357705,0.5945436324653741,-0.5868626470034906,0.12107240592642077,0.9485445946025791,0.5633236946897889,1
-1.2721533609418019,-0.6994394882576186,-0.9583905520138086,-0.6795706487084499,-0.5868626470034906,0.12107240592642077,-1.3669353572596865,0.6824922948130056,0
1.596181974667778,-1.0248336726546194,-0.054364850129538976,0.15406366436489066,-0.5868626470034906,-0.7984648542742431,1.0522108312325353,0.3299410578381626,0
-1.6219503530893116,1.5768235214336404,0.5299273244795706,0.3031587321331729,-0.5868626470034906,-0.7984648542742431,-1.8803932934461876,1.71988072142844,1
-0.36268118135827654,1.5859921670406567,-0.6096800377173206,0.17163380867594347,-0.5868626470034906,-0.7984648542742431,-0.3976407565276986,1.0462879076571623,1
0.6167503966547507,2.500460574004318,-0.7867878479531517,1.0880111826406063,0.6336489238876509,0.12107240592642077,-1.3260511270112019,0.5824773508826727,0
0.5467909982252488,-0.2837287478731171,1.9861527938612844,-0.46778754083010426,1.8541604947787924,2.8796841865284124,-1.290559253902723,-0.14418182295576806,1
1.6661413730972798,0.044547440720256105,1.3661249713252253,0.37581208928515825,-0.5868626470034906,1.0406096661270847,0.29033215704441523,-0.6160694383845068,0
-1.3421127593713038,-1.957434281706918,-0.1836448020367858,-0.3390956741623676,1.8541604947787924,0.12107240592642077,0.45627652739951174,-0.5491999824420142,0
-0.15280298606977072,1.970463916806614,1.9668698719762518,-0.4659980246522385,0.6336489238876509,-0.7984648542742431,1.197201560345477,1.8623235225924257,0
0.05707520921873513,1.6436206393975126,1.8580046658568685,0.23121497031994828,0.6336489238876509,1.0406096661270847,-1.36559463179488,-0.43370251202304894,0
-1.6919097515188135,1.8145151851480392,0.34364138385013093,0.44579686288986087,-0.5868626470034906,-0.7984648542742431,0.2175021486506658,-0.7817133325168627,0
1.526222576238276,-0.6260323063555289,0.8927370813956509,0.670089735229034,-0.5868626470034906,-0.7984648542742431,0.6247253165152352,0.13809658892770807,1
-0.9923157672237941,-0.37648584265268303,1.5193677303745514,0.018050055084865298,-0.5868626470034906,2.8796841865284124,-1.1571338919596625,-0.12353036283576962,0
-1.062275165653296,0.217948986238751,0.13133343068317344,0.8469491569096983,-0.5868626470034906,-0.7984648542742431,-1.7874696305247786,0.139712853069417,0
-0.15280298606977072,2.4195683140272206,-2.5833825403994406,-0.5319333312069349,0.6336489238876509,0.12107240592642077,-0.3871511039916399,-0.794193187945799,1
-0.8523969703647902,1.020209547821059,0.03600768301533705,0.37115149643398687,-0.5868626470034906,-0.7984648542742431,-0.7822353260574814,0.359785599875078,0
-0.43264057978777853,-0.0730591674402367,-0.6372053220736146,0.2993856522418975,-0.5868626470034906,0.12107240592642077,0.13938882704105873,1.0810109994460586,0
1.386303779379272,1.1994750667334446,-0.2578528213356105,-0.24875556960967618,-0.5868626470034906,-0.7984648542742431,-0.4488284081005238,0.1096061604855033,0
0.196994006077739,-0.7352234750118274,-0.2988442464618248,1.3071321229851434,-0.5868626470034906,0.12107240592642077,-1.2976478664618094,-1.261550951438279,0
1.596181974667778,0.7375212118357308,-0.12635488991546634,-0.8322542262428354,-0.5868626470034906,0.12107240592642077,1.3648383575688672,0.43163673584142126,0
-1.132234564082798,-1.4182679849943973,-1.0081574324330378,0.4463495364770626,-0.5868626470034906,0.12107240592642077,0.872456052693718,-0.3025049382367246,0
0.12703460764823707,-1.5277914761751399,-1.1762990869823022,0.40371331933872495,-0.5868626470034906,0.12107240592642077,-0.7411528311036786,-0.9534566283913161,0
-1.2021939625123,-0.17380079320700298,0.48918363146576566,0.5385570460805863,-0.5868626470034906,2.8796841865284124,-0.3126126130238143,-0.6627486191494797,1
0.4768315997957468,-0.11228232771494748,0.2996409690843037,-1.3689566955740526,0.6336489238876509,-0.7984648542742431,-0.5907574488524101,0.29420609331345005,0
1.596181974667778,0.7147626934399123,1.4554056186399564,0.7904353296085184,1.8541604947787924,-0.7984648542742431,-0.841234415424767,-1.1935643458174288,1
0.7566691935137546,-0.1132247183180205,0.8897600694292493,-0.22652722226582903,-0.5868626470034906,1.0406096661270847,0.317460546925822,0.7533614492401526,0
-0.8523969703647902,1.9155613177955377,0.11230470789592772,-0.6804806441038487,1.8541604947787924,0.12107240592642077,1.1071270498150132,0.10971509176554956,0
-0.2927217829287746,0.4596981968167936,-0.7686751098924938,0.2398817966920027,0.6336489238876509,1.0406096661270847,1.0537305986147827,-0.4269824719922132,1
1.1064661856612643,0.257723659143601,0.32023116126299755,-0.9465983138094927,-0.5868626470034906,-0.7984648542742431,0.4263755681820872,0.4841318914136059,0
0.3369128029367429,1.8939563599198863,0.005962098956288374,0.8475041896934803,0.6336489238876509,-0.7984648542742431,-1.8803932934461876,-0.34375932133669396,1
-0.9923157672237941,2.1426814810908796,-1.011606171004722,-0.9757831037279001,-0.5868626470034906,1.0406096661270847,0.30484863839904736,0.4921667479693793,0
-0.6425187750762843,1.0218028298499353,0.1680053037637901,-1.523403712677545,-0.5868626470034906,1.9601469263277485,0.9613801796863382,-0.47080606667190095,0
-0.2927217829287746,0.9711917837400367,-1.0233546195666825,1.74355232587319,-0.5868626470034906,2.8796841865284124,-1.1247378742927434,-1.631248131794848,0
0.05707520921873513,-1.2871649351671468,0.104729683283678,0.05810406088996978,-0.5868626470034906,-0.7984648542742431,0.9206992269880394,0.9964737999147821,0
1.1064661856612643,-1.346227684048393,0.1667212806042854,1.0680042749579717,0.6336489238876509,1.9601469263277485,1.5466399241087108,-0.23516311251115704,1
-0.36268118135827654,-0.3321407607037854,1.9107776217656482,0.11759667434783684,-0.5868626470034906,1.0406096661270847,0.5782055229562043,-0.11865506846474363,0
-0.012884189210766821,0.1921713780669369,0.5987261398767183,-0.5759382587401055,3.074672065669934,1.0406096661270847,-0.6052345113826876,1.290767294354845,1
-0.012884189210766821,1.9937770963094519,-0.3557295952470302,-0.8381773270342038,-0.5868626470034906,-0.7984648542742431,0.7521141085721389,-1.2015137414896988,1
0.8266285919432566,0.30298723132468375,-0.6549392255401645,0.7821353995099947,-0.5868626470034906,-0.7984648542742431,0.06349637806594384,0.9248692968013306,0
-0.7824375719352883,0.2636093121887704,0.8926846467674623,0.629769990862547,0.6336489238876509,-0.7984648542742431,-0.3587522052756062,0.3871308419845364,1
0.266953404507241,0.8787082450829454,0.32204225986117835,-0.3586967376227165,0.6336489238876509,-0.7984648542742431,-0.847202334659153,2.097521358535469,0
1.1764255840907663,0.6725695587556402,1.18793240538636,1.0184235708795126,-0.5868626470034906,1.0406096661270847,1.499896728057887,0.5931451579461996,0
-1.4120721578008057,-0.5475647626077124,-0.5136653262685225,-1.1078061446780085,-0.5868626470034906,-0.7984648542742431,1.9500157507845621,-1.631248131794848,0
-1.6919097515188135,-1.957434281706918,0.7562759126284769,-1.8343945844470217,-0.5868626470034906,0.12107240592642077,-1.357193112595718,-0.8305700714325459,0
0.05707520921873513,1.8645819263268095,-0.9884920180241152,1.9853844401968148,-0.5868626470034906,-0.7984648542742431,-0.8505214904482289,2.0215986837998536,0
-1.062275165653296,0.6973863122825088,1.0968222890374975,0.7302819488464223,-0.5868626470034906,0.12107240592642077,-0.009567246609026485,0.27851772311856104,0
1.1764255840907663,-0.8474233452002192,0.4758102345208356,-0.1186004393356437,1.8541604947787924,2.8796841865284124,0.4636913868688042,-1.631248131794848,0
0.8266285919432566,-1.0366134937635358,-1.288238503241564,-1.0126812699938759,-0.5868626470034906,1.0406096661270847,0.17956130049819904,-0.42912742668432674,0
0.8965879903727585,-0.08586944547220537,-0.9718449088854658,-0.18385453803162258,0.6336489238876509,-0.7984648542742431,1.225235827056462,-0.3387355218741613,1
-1.5519909546598096,0.22992223757966423,1.4093383487386457,-0.5291076466969602,0.6336489238876509,0.12107240592642077,-0.3759666527435479,-0.8486965998329771,0
-1.6919097515188135,1.6736227694367292,1.9984140483658106,1.6075835775511813,-0.5868626470034906,1.0406096661270847,0.23290762079033825,-1.177090913381982,1
-0.012884189210766821,0.9609551648941951,0.18840921916039022,-0.4770089574504245,-0.5868626470034906,-0.7984648542742431,-0.9034269041773076,1.0511336944196037,0
0.6167503966547507,0.3418129113516234,-0.6530540310488863,0.998636330182426,0.6336489238876509,1.0406096661270847,-0.7668931299905407,-0.9039359222330219,0
-0.36268118135827654,-0.8363788713753594,1.0655733872240363,-1.5361697083139763,0.6336489238876509,1.0406096661270847,0.5074562572470505,0.223924768709918,1
0.9665473888022604,0.8851851692394102,1.1220520415190742,-0.16785452202930995,0.6336489238876509,1.0406096661270847,0.922218782576451,-0.841690125325063,0
-0.36268118135827654,-1.957434281706918,-0.0476374051301779,1.2973612593977109,3.074672065669934,-0.7984648542742431,0.5552597888687233,0.9288884277640268,1
-1.2021939625123,-0.21747563709646725,-0.09594519833851507,-0.02935087288007536,1.8541604947787924,-0.7984648542742431,-0.7541344608120419,1.2998531115794203,1
-1.3421127593713038,-0.9775605592367982,1.2044997973876934,-0.9242717328420852,0.6336489238876509,0.12107240592642077,-1.4360948437272076,0.777969581142772,0
0.8266285919432566,0.08243446990434349,-1.9153663210265812,0.7458751523700583,-0.5868626470034906,-0.7984648542742431,-1.3675757281060936,-0.34660651039173856,1
1.1064661856612643,-0.03266105776772611,-0.43042772791910683,-0.13603380094866735,-0.5868626470034906,-0.7984648542742431,0.17910500114815553,1.2484316343943596,1
-0.9923157672237941,-0.20575491373355115,-0.3671719261255625,-0.9390137778873615,0.6336489238876509,1.0406096661270847,2.3033170840393122,0.02675392290556825,1
1.0365067872317624,-0.1375019304107916,-0.4389554973642942,-1.0084388542060492,-0.5868626470034906,-0.7984648542742431,0.10657900903587281,-1.3313045717713965,0
0.05707520921873513,-0.5443417436165611,-1.701382499925786,-0.7421418705640732,0.6336489238876509,-0.7984648542742431,2.8491149700932685,0.6251154039954604,0
1.6661413730972798,-0.8499969241142153,0.9706956431405614,0.15596855031594722,0.6336489238876509,-0.7984648542742431,-0.6108269609114568,2.0705144710931607,1
-1.4120721578008057,-0.6381554337091444,1.6051188351309527,0.17161463538328767,-0.5868626470034906,-0.7984648542742431,0.27892731198160586,-0.6947879164116608,0
-0.012884189210766821,-0.8640493597185689,-1.0407299282108478,-0.4950387534165382,-0.5868626470034906,-0.7984648542742431,-1.8803932934461876,0.3026795102391549,0
-0.8523969703647902,1.0091058560375161,0.5610573901125525,0.07081039524977081,1.8541604947787924,-0.7984648542742431,-1.5937964948971874,-1.3264800470835412,0
-1.4120721578008057,-0.27059674560410724,0.32244012415158846,-0.0905849870993295,-0.5868626470034906,-0.7984648542742431,0.1587644307217492,1.4520092208884405,0
1.3163443809497701,0.5590274506614674,-0.5966320547986744,0.976793624713303,-0.5868626470034906,-0.7984648542742431,1.7221624521952008,0.13424270106641445,0
-0.22276238449927266,0.5751987512420619,0.7935532903097504,-0.6037843159527342,-0.5868626470034906,2.8796841865284124,0.293665040253388,-1.631248131794848,1
0.266953404507241,0.4500433828149393,0.37654047736679747,-0.42443473157885203,0.6336489238876509,-0.7984648542742431,-0.25612561878477147,0.3018107093692469,0
0.5467909982252488,-0.14199890288457448,0.28960616837684366,-0.8527284993128994,-0.5868626470034906,-0.7984648542742431,1.1256604920485314,1.519735587271747,1
0.196994006077739,1.6693048880100085,-2.4511466764907293,-1.0964943120178974,-0.5868626470034906,1.0406096661270847,1.2060850356127868,-0.5714139243175532,1
0.05707520921873513,-0.7464925035882324,0.13070507953386104,-0.3994134756857101,3.074672065669934,-0.7984648542742431,0.4116678263423199,-0.02684865042489998,1
0.5467909982252488,-0.2834274852244197,-0.42574609653948436,-1.510690628779121,-0.5868626470034906,1.9601469263277485,-0.6467296340814254,1.9581889159673567,1
0.8965879903727585,1.850706106579173,-0.03413205794544919,1.0048569283300166,0.6336489238876509,-0.7984648542742431,-0.40436109426780575,0.29346118706346613,0
-1.3421127593713038,0.503223154449428,-0.7984368514293432,-0.5552716337451349,-0.5868626470034906,-0.7984648542742431,-0.9387399670437999,0.980828341132302,0
0.8965879903727585,0.5641012875440983,-0.6975229522252678,0.8992279724126634,0.6336489238876509,-0.7984648542742431,1.3742259752697905,1.830410856963935,0
0.8266285919432566,1.148824376222217,1.2966370320522314,2.9011104596770663,-0.5868626470034906,-0.7984648542742431,-0.5165089537650421,0.062191519696591466,1
0.4768315997957468,-0.42419825920743515,0.12487248393574092,0.019695374904369463,-0.5868626470034906,-0.7984648542742431,1.4386401241070645,-0.8407363002330833,0
-0.9923157672237941,-0.9133486473965268,1.4831364512059877,0.6974911924357599,0.6336489238876509,0.12107240592642077,-0.24429990802208112,1.1801876053827582,0
1.596181974667778,0.7580823921357381,-1.241869735827696,0.8266992460367932,-0.5868626470034906,0.12107240592642077,-1.247959790018687,1.5060131002134225,0
-1.6919097515188135,-0.1394115549095187,0.1088826560404749,-0.5966786871787285,-0.5868626470034906,-0.7984648542742431,-1.4360526550162003,0.010749677987232092,0
0.6867097950842527,2.3880175983344425,-2.8245271718156215,-0.39211912408241906,-0.5868626470034906,-0.7984648542742431,-1.3059471087503216,0.6610383529227553,0
-1.062275165653296,-0.1630544917682978,-1.8470239500454553,0.7182907589735285,-0.5868626470034906,1.9601469263277485,1.251646707438045,-0.9637096933802962,1
1.3163443809497701,-0.8821576682394342,0.1863960813968572,0.5033945102301277,-0.5868626470034906,1.0406096661270847,-0.4163607390313369,-0.5614418582952491,1
-0.36268118135827654,-0.5021948707135686,-0.29008841743632974,1.0684844292525792,-0.5868626470034906,0.12107240592642077,0.9036563155162122,-0.12825784564206236,1
-0.08284358764026876,1.2838360768237906,2.109152952645262,0.03963957478012803,-0.5868626470034906,0.12107240592642077,-0.06422487659911023,-0.443486275137161,0
0.7566691935137546,-0.5686530069469518,-0.24717615227317827,-0.2360609027965901,-0.5868626470034906,1.0406096661270847,1.5476550082656508,-0.3746843853634548,1
-0.43264057978777853,0.750842435400793,1.9414023248056445,0.5630552479582737,-0.5868626470034906,-0.7984648542742431,-1.056293567442037,-0.43099874360892887,0
-0.36268118135827654,0.6868603540243459,-1.1904092970731637,2.4817512322016615,-0.5868626470034906,-0.7984648542742431,-1.1530129893573997,0.8418063883042296,1
0.9665473888022604,-1.1571734167930199,0.03470541311703436,-1.7535839334943533,-0.5868626470034906,0.12107240592642077,0.07659400184695181,0.4145908844139813,0
-0.22276238449927266,-1.1994423589321388,0.035921372398752684,2.3069303861423354,0.6336489238876509,-0.7984648542742431,1.71622284831207,-0.9125940613490043,1
-0.15280298606977072,1.1051266833679945,0.0016599000743109478,-0.34324962264497066,-0.5868626470034906,0.12107240592642077,1.0869613509756966,-1.3257811341901198,1
0.5467909982252488,0.4515125367741358,0.7464420043555989,0.05996911286188639,-0.5868626470034906,-0.7984648542742431,-0.5070240959875196,1.105514145417061,0
0.196994006077739,1.2159353731767077,-0.8825287309504022,-0.033753596185302416,-0.5868626470034906,-0.7984648542742431,-1.8803932934461876,0.7792059264182392,0
0.6867097950842527,-0.3348372024538566,1.1344452978704176,0.17810474531806453,0.6336489238876509,-0.7984648542742431,-1.0121906516192183,0.8112530711642604,0
1.1764255840907663,0.37594902032558963,-0.0343198439304697,0.8530787856216562,-0.5868626470034906,0.12107240592642077,-0.8831676435641826,1.5009063808763592,0
-1.132234564082798,-0.15377466485838093,0.9781632553517585,0.8807243774027619,-0.5868626470034906,-0.7984648542742431,1.1359227640836569,-0.05850322466676148,0
0.8266285919432566,0.2136001351796521,1.3536019368303966,-1.0610945465912032,0.6336489238876509,-0.7984648542742431,-0.060030864889483414,-0.6791266711641214,0
0.8266285919432566,0.7855756732901817,1.2121277050094938,-1.3301761813614197,0.6336489238876509,0.12107240592642077,1.5465336786464832,0.1796562670446857,0
0.266953404507241,0.4622703330367363,1.925467009355998,-0.4150332092617966,-0.5868626470034906,-0.7984648542742431,-1.3441955185582275,-0.155431534274685,0
-1.6219503530893116,-0.2652856782384242,-1.0377120235715291,-0.9857209487359404,-0.5868626470034906,0.12107240592642077,0.9629315898027473,1.3449855316765293,0
1.386303779379272,-0.4858415665918775,0.3326223204513568,0.11584828341398598,-0.5868626470034906,-0.7984648542742431,-0.473547566139013,0.7103130576434015,0
-1.4120721578008057,-0.47466468748881147,-0.4954412371292376,1.3545509659259527,1.8541604947787924,0.12107240592642077,0.9769694287689161,-1.631248131794848,1
0.8266285919432566,0.32951652448186103,1.154689921851268,1.7990566224428788,-0.5868626470034906,1.0406096661270847,-0.03383783536093046,-0.35101018659376765,1
-0.5725593766467824,1.1882212397480678,-0.4431257098177094,1.6703894511942876,1.8541604947787924,-0.7984648542742431,-0.3630283416639813,-0.2671469122000728,1
0.196994006077739,0.43486892136410155,0.4830262843254764,-1.855499158559397,-0.5868626470034906,-0.7984648542742431,0.5674327175338791,2.005776517358356,0
0.40687220136624486,-0.25040475154769737,-1.9990171466676112,1.3191347632154704,-0.5868626470034906,0.12107240592642077,1.5405254963148765,0.7730565986766661,0
-1.4120721578008057,0.5716899146115394,-2.21649479396221,-0.17683081662235228,0.6336489238876509,-0.7984648542742431,0.6552829090628823,2.1666895859624122,0
-0.08284358764026876,-0.9522809605840437,2.169329357491283,0.44317638318378333,0.6336489238876509,0.12107240592642077,-0.21513807244894662,0.25429736121495755,1
0.9665473888022604,0.008991148535389529,-0.4710037726332507,-1.0857587716638655,-0.5868626470034906,-0.7984648542742431,-0.05246481867052543,-0.22657533656062842,1
-1.4120721578008057,-0.5142710053101625,1.539275469549565,-0.3131516642426214,-0.5868626470034906,1.9601469263277485,0.058454278369253834,0.4253523981176922,1
-0.012884189210766821,0.5196609487513338,1.6357175546684388,1.310929555525132,0.6336489238876509,-0.7984648542742431,-1.3616935201336762,-0.6359907005994337,0
1.2463849825202682,-0.9301085848779996,0.11431150504997029,1.1267744551991832,-0.5868626470034906,-0.7984648542742431,-0.8400076611294891,0.9664182570920267,1
0.8266285919432566,1.3934373735569614,1.2109833181170477,0.40381582138930333,-0.5868626470034906,-0.7984648542742431,-0.09652109123613746,-0.1841501389014928,0
-1.6219503530893116,-0.1799088382685818,1.111953327002696,0.8561007063512598,-0.5868626470034906,-0.7984648542742431,0.30234843740242884,1.3362943896464314,0
-0.15280298606977072,-0.3393391024939857,2.270734411652806,0.48517076294000966,0.6336489238876509,-0.7984648542742431,0.564469934780031,1.1838472645086853,0
0.3369128029367429,-0.16749136509644924,0.10245586490024555,0.10594445577281095,-0.5868626470034906,-0.7984648542742431,-1.8803932934461876,-0.3627206540174168,0
-0.7824375719352883,0.12319692301055607,-1.2563224281181364,-2.0469867356340266,-0.5868626470034906,0.12107240592642077,0.41402410442956217,-1.631248131794848,1
1.6661413730972798,0.8034164848953148,0.12458356353935562,1.6189986297900438,-0.5868626470034906,1.0406096661270847,-1.3146463977904808,0.2770217780078035,1
-0.15280298606977072,-1.0404070683970117,1.7533593158879575,0.7868747427731221,-0.5868626470034906,0.12107240592642077,-0.8545882710927502,-0.9716100356247585,0
-1.4120721578008057,-1.688985182471396,0.6468078248675881,-0.16573708118132308,0.6336489238876509,1.0406096661270847,-0.9054597622376966,2.1551192228951352,0
1.526222576238276,-0.7794716457700848,0.8754821995842929,0.7188180391665895,-0.5868626470034906,0.12107240592642077,-0.962839271487168,0.1862178198768183,1
-0.5025999782172804,-0.21416982553548025,-1.3713931229139278,1.6455981396018726,-0.5868626470034906,1.0406096661270847,0.2960847059430728,0.20259810041191464,0
1.2463849825202682,-1.6984957114254036,2.135948950731608,0.5646532874842525,-0.5868626470034906,-0.7984648542742431,1.3791065265300617,-0.7210507750178531,0
1.6661413730972798,-1.957434281706918,-0.28276580145456875,-1.2503818407123963,-0.5868626470034906,-0.7984648542742431,0.3893917051500809,-0.1211154640877552,0
-1.6219503530893116,1.2103934490457682,0.6228418408335408,0.7083082355048321,-0.5868626470034906,1.9601469263277485,1.293126727913959,0.784713615334365,0
1.2463849825202682,-1.5378427420408498,-0.8317547562542027,1.3072749616916486,0.6336489238876509,1.0406096661270847,0.6962489164528137,1.3169668404832822,1
-0.08284358764026876,1.6370379944239903,-0.7253893584128092,0.9313858493073905,-0.5868626470034906,-0.7984648542742431,-1.220531074240759,0.6447990188513215,0
-1.4820315562303077,-0.5621700956546654,-1.553338915889259,-1.1179954029933254,-0.5868626470034906,1.0406096661270847,0.8133652366699071,1.0187810727048368,1
-1.6219503530893116,0.12524662154924562,-1.4296159051819024,0.043435077015848665,-0.5868626470034906,-0.7984648542742431,-0.8162566604944922,0.8941334689183091,0
0.6167503966547507,0.784604349813254,-1.0999468236556127,1.5766309448968645,-0.5868626470034906,0.12107240592642077,-1.8803932934461876,0.14928769325124627,0
0.6867097950842527,0.017738925736827713,-0.41199626923159915,-0.7345487188707438,-0.5868626470034906,0.12107240592642077,-0.8822564605045738,0.6593231222683016,0
0.05707520921873513,-0.7601987845650102,-0.9218852474703072,-1.4838261003418516,0.6336489238876509,0.12107240592642077,-0.03489626332130588,-0.40897246110144314,0
-1.3421127593713038,-0.4367413131598213,-1.8159809482903455,0.8516982313179918,-0.5868626470034906,-0.7984648542742431,-1.1454561183289504,-1.631248131794848,0
-0.9223563687942922,-0.12486319510878947,0.4379579802284302,-0.5207394598996564,0.6336489238876509,-0.7984648542742431,1.8471358661124615,0.41773418398844187,1
0.9665473888022604,-1.957434281706918,-1.01662158244722,-0.7534426358197157,-0.5868626470034906,1.9601469263277485,1.129709100969493,0.23620664401125818,1
-0.5725593766467824,-0.0687665488049661,-0.210510525957481,1.2199557269790287,-0.5868626470034906,-0.7984648542742431,1.5734802483834331,-0.2095997740718763,0
-1.6219503530893116,-0.035501575471723563,-0.041529099201586914,0.2864610599175952,-0.5868626470034906,-0.7984648542742431,-0.9329885784863501,0.36685428716259366,1
0.12703460764823707,0.35635854995500277,0.7112994574439655,0.3746148306326736,-0.5868626470034906,1.0406096661270847,0.1738609084889599,-0.9254872734555836,1
1.6661413730972798,0.12232401190871718,0.22853616265160828,-1.3622608295345522,-0.5868626470034906,-0.7984648542742431,-0.8795971466796672,-0.595459848938625,0
-1.4820315562303077,0.14376736506005655,-0.3672103293338404,-0.16973617539781125,-0.5868626470034906,1.9601469263277485,-0.13687603018946937,-0.34457520389580204,0
0.6867097950842527,-1.6076709949198318,0.3625644364806386,-1.7647635897045142,1.8541604947787924,-0.7984648542742431,0.6946300590625317,-0.19697193370352445,1
-1.4820315562303077,-0.036387857594057944,0.0983745657630735,0.4356579875525596,0.6336489238876509,-0.7984648542742431,-1.8803932934461876,0.9968311935266264,0
0.266953404507241,1.1890778703068943,0.8850021801711697,2.4660110914452904,-0.5868626470034906,1.0406096661270847,-0.00720175789581546,-0.5798178801651998,1
-0.43264057978777853,0.9748535303591442,0.20974195856386152,-0.8805865826540575,0.6336489238876509,-0.7984648542742431,0.486316913126889,2.146392326098333,0
-1.3421127593713038,-1.3611217049420847,1.6829165397083286,-0.6199790686932509,0.6336489238876509,-0.7984648542742431,-1.4635298473907974,-0.5464511227107284,1
-1.6919097515188135,-0.9175288486685691,0.02971294225337786,1.6752984725501319,-0.5868626470034906,1.0406096661270847,-1.5441935936001079,-0.6654421626705301,1
0.196994006077739,-0.17623169923603937,1.6649449035973998,-0.5652912539369505,-0.5868626470034906,2.8796841865284124,0.5529878554283831,0.6789680034907264,0
-0.9923157672237941,2.060715362384729,0.3080448489327986,-1.236387278638025,-0.5868626470034906,-0.7984648542742431,1.0665092911406724,-0.04344059813158025,0
0.9665473888022604,2.3000278631946953,0.10231182474638156,1.6372069243940646,-0.5868626470034906,-0.7984648542742431,-0.439137708133783,-0.6565707700061709,0
-1.2721533609418019,0.28476136856360573,-0.3809659626070897,0.7614974242094485,-0.5868626470034906,0.12107240592642077,0.555869650902517,1.0540593862342804,1
-0.2927217829287746,0.1180380409308884,-0.8177132369509332,-0.12148797724818979,-0.5868626470034906,1.0406096661270847,0.07675503002868819,-0.3095403586527558,1
0.8266285919432566,-0.2982532535077371,0.43363035044930676,-0.2383783954464423,-0.5868626470034906,1.0406096661270847,-0.158573858605992,1.7156690748131365,1
1.0365067872317624,0.5769642440352335,-1.0214676567738403,0.2820264556337816,-0.5868626470034906,2.8796841865284124,-1.2513617808738668,-0.6063652670852085,0
1.2463849825202682,-1.7886680993526303,1.4713963864404085,0.49141356891823906,-0.5868626470034906,0.12107240592642077,-0.6193514333387458,1.093335082828433,0
0.05707520921873513,-1.551864997378083,-1.2697443042144057,-0.9854583895432913,0.6336489238876509,1.9601469263277485,0.1732749233699919,0.820280141227589,1
1.526222576238276,0.36799051369596253,1.6197101729053947,-0.6686247546134735,-0.5868626470034906,0.12107240592642077,1.072251689862208,0.5274367031260393,0
0.8266285919432566,0.4314244166220176,1.3186463573313953,-0.3288593555939419,1.8541604947787924,0.12107240592642077,-0.7927920009732654,-0.5781262379776135,1
-0.9923157672237941,0.3042294344570381,-0.43071403349514575,-0.8538267583850104,0.6336489238876509,-0.7984648542742431,2.3558009626698277,1.799562116576382,0
-1.4820315562303077,0.6686458822860105,1.3514043013956465,-1.1963442177206558,0.6336489238876509,-0.7984648542742431,0.7615280045905399,-0.12622114158784956,0
-1.3421127593713038,0.489521188214404,-0.9883926546253909,0.9339663125543173,-0.5868626470034906,1.0406096661270847,0.19393757902021336,-1.2623392076037803,1
1.0365067872317624,-0.28038621154491594,0.2194484094630143,0.23045895241488545,0.6336489238876509,0.12107240592642077,0.1032295828881004,-0.6830204195642873,1
0.8965879903727585,-1.39954385647319,0.49624604500552066,0.44373399210404485,-0.5868626470034906,0.12107240592642077,-1.183484642308373,-0.38142658963211695,1
1.456263177808774,-0.662016523417509,-1.415531319756184,-1.648146355500253,-0.5868626470034906,-0.7984648542742431,-0.4423649515575229,0.9195517421761009,1
-0.5725593766467824,-0.2826633229578201,-0.38359772717488166,2.1020646615437304,-0.5868626470034906,2.8796841865284124,-1.4826136833970662,0.18426285986388266,1
-1.2721533609418019,0.167618983486216,-0.4556261123496138,-0.343878095320407,-0.5868626470034906,-0.7984648542742431,0.6447854094252268,-0.33274433848760565,0
-0.7824375719352883,-0.6720318011004519,-0.14723070242860495,0.42267086156923483,-0.5868626470034906,-0.7984648542742431,-0.9545761815746623,1.5401591500273983,0
0.8965879903727585,-0.9065548885687993,1.1292274085357694,-1.7150530414531748,-0.5868626470034906,-0.7984648542742431,-1.6385359020061867,0.6774494236731545,0
-1.2721533609418019,0.35127720397853324,-1.2496586627905852,-1.5441208651049267,-0.5868626470034906,0.12107240592642077,-0.003036778519997051,-0.9832735105346172,1
-0.2927217829287746,-0.912589994546894,0.6618938963265638,0.10173680874062571,-0.5868626470034906,1.0406096661270847,0.08362165637508256,0.521493225679821,1
-1.6919097515188135,1.3757013949386276,-1.3904722297967114,0.8380854475762007,-0.5868626470034906,1.0406096661270847,0.6289127697812457,-0.5983547402626085,1
-1.3421127593713038,-0.13671078827514674,-0.002806161738579692,1.325282768574511,-0.5868626470034906,1.9601469263277485,-0.529004259978623,0.22781421884706138,1
1.456263177808774,-1.957434281706918,-0.4818273466857328,-0.37136264378098127,-0.5868626470034906,0.12107240592642077,0.18470269594075997,-0.5465390547787219,1
1.3163443809497701,1.993184762127029,-0.7245674962432107,0.7120679057613588,-0.5868626470034906,1.9601469263277485,1.4614028893319144,-1.4443596832058114,1
0.05707520921873513,-0.9798150886370303,-1.1790375928390846,-1.1082907649993405,-0.5868626470034906,0.12107240592642077,-0.538006068101642,-0.2750466647942454,0
1.596181974667778,-1.7124088486078646,-0.040668397908490944,0.5503937004661965,-0.5868626470034906,1.9601469263277485,-0.25619804635260474,-1.631248131794848,1
-0.012884189210766821,-0.6283949251183368,0.7481329658641268,-1.4880272895102993,0.6336489238876509,1.0406096661270847,0.40379269452299515,-1.631248131794848,0
1.1764255840907663,-1.615409581195561,0.05434822008663864,-1.2497909941835952,-0.5868626470034906,-0.7984648542742431,0.013213906087078795,-0.49463413509295495,1
-1.2721533609418019,1.661996370778014,0.49824829188154535,2.5066763893847326,-0.5868626470034906,-0.7984648542742431,-1.8803932934461876,-1.631248131794848,0
-0.7124781735057863,0.5748974538211453,0.685824579470051,0.1479569659174687,-0.5868626470034906,-0.7984648542742431,0.8882335369724556,1.8731816901017027,0
-1.5519909546598096,-0.3206411254053447,-1.2683761537591982,0.951432885129559,-0.5868626470034906,1.0406096661270847,-0.8610680076447278,1.0613064170427429,0
0.05707520921873513,-1.0644330222179619,-0.6450609381183535,-0.4074062152475175,0.6336489238876509,-0.7984648542742431,0.8001395480552067,0.5033390724503705,0
-0.5725593766467824,-1.957434281706918,-0.4052015842866293,-1.4468916199701045,-0.5868626470034906,0.12107240592642077,-1.1145539224017007,-0.8555413371298641,1
0.3369128029367429,0.6932420197208945,1.528573036090312,1.1425618647394618,-0.5868626470034906,-0.7984648542742431,-0.25061035496791156,0.5910986545919161,0
1.456263177808774,0.07282345042068458,0.054464258479245964,0.45039559541186636,0.6336489238876509,-0.7984648542742431,2.1297486477262075,0.23334610284345442,1
-1.3421127593713038,0.5024554164970418,0.5574519897490159,2.0658309957052783,-0.5868626470034906,0.12107240592642077,0.0917301717153294,-0.05935215690637373,1
1.386303779379272,-0.003151266779467729,-0.08863162973340553,0.6911707300888372,-0.5868626470034906,-0.7984648542742431,1.9678980406399351,-1.3391715862169427,1
1.3163443809497701,0.3112686968393486,-0.8224157747233384,-0.04737744059573025,0.6336489238876509,-0.7984648542742431,1.8469044891634403,-0.21626910278771544,0
1.386303779379272,0.09881828709953192,-1.0553279262639517,-0.06213372882502749,0.6336489238876509,-0.7984648542742431,-1.074483568143237,0.7212934217790719,1
0.8266285919432566,1.1089058313215276,0.8717217140029703,1.561363768309541,-0.5868626470034906,1.9601469263277485,0.9950070738892907,0.6997714541634975,0
0.4768315997957468,0.7761799609637595,0.2650635426061708,1.36955867878724,-0.5868626470034906,-0.7984648542742431,0.6707639199705209,1.059378126191312,0
1.456263177808774,-1.3944186798095288,1.33001661191566,-0.1373489305341045,1.8541604947787924,1.0406096661270847,1.272522033054,1.4906355475853983,1
1.1764255840907663,1.5355633175375942,-2.002811721267077,0.2562312560593804,-0.5868626470034906,-0.7984648542742431,1.2342590751080043,0.06572158494331268,0
0.6867097950842527,0.4100814913882157,-0.15301718584784946,-1.3108981271095552,-0.5868626470034906,1.0406096661270847,0.6491312108732757,-1.0038813357579688,0
1.456263177808774,-0.4581491335031847,-1.7934819348700084,-1.66442660414581,-0.5868626470034906,-0.7984648542742431,-0.4212162060981033,-0.6563614849379532,0
-1.4820315562303077,0.22690268381372308,0.34820308545657797,-0.3460947782812546,-0.5868626470034906,-0.7984648542742431,0.8997408131321215,1.7869998937929679,0
-1.6919097515188135,0.45332854917481724,0.6459754272917907,-1.2867176298050658,0.6336489238876509,-0.7984648542742431,0.4843673876236714,-0.3499594159786621,0
1.526222576238276,-1.957434281706918,-0.5147928437576956,0.39681954248726936,1.8541604947787924,1.9601469263277485,0.6167726687389024,1.718114461913342,1
-1.4820315562303077,-0.14474374261536777,-2.562795915207492,0.04057960713531064,0.6336489238876509,1.0406096661270847,1.307074200708891,-0.557427281708306,1
-1.4120721578008057,-0.654675660936195,0.0674855744361128,0.7744255145064265,-0.5868626470034906,0.12107240592642077,-0.01937511309166957,-0.01883902996849062,0
1.6661413730972798,1.1942213077976962,-0.45487467018111305,-0.7754964946902746,-0.5868626470034906,0.12107240592642077,-1.0771574432152151,-1.4364059567048701,0
1.1764255840907663,0.6078722813487955,0.20222506886779198,-0.40918090004065844,-0.5868626470034906,-0.7984648542742431,-0.7190729709817695,0.887324932877382,1
-1.2021939625123,0.1959110511690872,0.04585936742191381,-0.09882258107444937,-0.5868626470034906,0.12107240592642077,1.0374675036985703,-0.9577912276361259,0
1.1764255840907663,-0.23230637358780987,-0.6508263019193865,0.3399159131387173,-0.5868626470034906,0.12107240592642077,-0.12335054609918074,-0.6200617039542533,0
0.266953404507241,0.2514645853268353,0.8364067727406238,0.6887777952862545,0.6336489238876509,-0.7984648542742431,-0.05763559334750993,-1.2121964476850386,1
-1.2021939625123,0.7919234679778352,1.4658239003135702,0.20179752491218714,-0.5868626470034906,1.0406096661270847,0.8221200512550988,-1.1897869827968528,1
-1.6919097515188135,1.796187057886125,1.5635162209491413,0.7132297763609288,-0.5868626470034906,-0.7984648542742431,0.31926170654778785,-0.309061774561834,1
1.596181974667778,0.8738010972216876,-1.4941505106228166,0.31037612168774437,0.6336489238876509,1.0406096661270847,2.0550709352551397,0.08616557969354711,1
0.05707520921873513,0.2327367089350802,1.6950732206700314,-0.06228373566717817,-0.5868626470034906,0.12107240592642077,-1.6710399709270132,-1.631248131794848,1
-0.2927217829287746,-0.3227105545773995,0.6403997398173663,0.28600395528563,3.074672065669934,-0.7984648542742431,-0.02479792736122798,0.029416054222444372,1
-1.6919097515188135,-0.6883019811329241,0.9600925886666776,-1.1189887605773892,-0.5868626470034906,-0.7984648542742431,0.2823810270406357,0.6641886925228059,0
-1.132234564082798,0.018242688834427548,0.7599494383863402,0.6271628829533495,-0.5868626470034906,-0.7984648542742431,0.00417993738121502,1.2006416820446584,0
0.266953404507241,-0.10899411388820396,-1.0061826105050984,-0.7678947204321701,-0.5868626470034906,1.9601469263277485,0.6277544847934727,-0.14061405577905786,1
-1.2021939625123,-0.47869655881423906,0.19711255880226583,-0.8989664830721753,-0.5868626470034906,1.0406096661270847,2.3776263931112314,-0.8640474498973671,0
0.7566691935137546,-0.5912186263051897,-1.99761396870277,-0.9357784593622603,-0.5868626470034906,1.0406096661270847,-1.0124321050363112,0.7372514234697953,1
0.196994006077739,-0.2576149441637639,1.3279712337534284,1.4625192118180788,-0.5868626470034906,1.9601469263277485,1.6859769186485254,1.5047715834894455,1
1.526222576238276,1.3665688229636255,1.1548668335152348,0.6229244353357364,-0.5868626470034906,-0.7984648542742431,-0.6691670086096628,-1.631248131794848,0
-0.7824375719352883,0.972720086329313,0.1784267850990298,1.3098474821330959,-0.5868626470034906,-0.7984648542742431,0.15600425768894893,-1.3761588376771778,0
-0.2927217829287746,0.7007664999888741,-0.21575649456740278,-1.004883044970021,-0.5868626470034906,0.12107240592642077,-1.1335040101318177,1.264176716893732,0
-1.2021939625123,-0.6054657215258816,-0.49985650342532234,-0.3504344424322555,0.6336489238876509,0.12107240592642077,-1.3009935498409402,-0.5371810090373845,1
0.3369128029367429,1.530268590868699,-0.9928669485055963,-0.7376583340691528,-0.5868626470034906,0.12107240592642077,-0.5078263545500381,-0.03638055731724043,0
-1.6219503530893116,0.08710325330466505,0.7654049508615439,-0.3080947285456765,-0.5868626470034906,0.12107240592642077,1.0324381870404007,-0.45532047213917654,0
-0.08284358764026876,-1.1950484736827602,-0.8274586589678291,-0.2716508168654132,-0.5868626470034906,1.0406096661270847,-0.18648932705715146,0.1314171744410704,0
-0.012884189210766821,1.1835544183841618,-0.6614583221519517,-0.28856289632001453,-0.5868626470034906,-0.7984648542742431,0.00023186380552528294,-0.27520831838656207,0
-0.8523969703647902,0.9410850172410989,-0.7239638652760914,-1.8594792068006014,3.074672065669934,-0.7984648542742431,-0.21900309729769535,-0.3902285384682522,1
-0.7124781735057863,1.0709532497891716,2.1379268784019394,-0.02554153854316301,0.6336489238876509,-0.7984648542742431,1.3448987716248775,0.2916649868704245,0
-1.5519909546598096,1.3019282549495126,-1.0095252005545359,-0.8192850318113639,1.8541604947787924,0.12107240592642077,0.6275197136730386,0.6614915183251145,1
0.266953404507241,0.3366561214538345,0.7570676802335592,0.7541506595374705,-0.5868626470034906,-0.7984648542742431,1.3165571987906175,0.2074953903472527,0
0.5467909982252488,-0.5541665591999649,1.8791267975590336,0.8670574686606602,-0.5868626470034906,-0.7984648542742431,-1.261299103654855,0.12117598136845274,1
-0.22276238449927266,0.9948504016858811,-0.9463769119902767,-0.25000747401836676,1.8541604947787924,1.0406096661270847,0.6845392303250258,-1.3510176544119772,0
0.196994006077739,0.6216482307276859,-0.7650021555372535,-0.9426767406469208,-0.5868626470034906,1.0406096661270847,1.6617573718832748,1.0588645279494333,0
1.456263177808774,-0.21497430424997233,-0.16237896726530554,-0.9896634010152212,-0.5868626470034906,-0.7984648542742431,-1.2734330452034466,1.3037295048390662,0
1.526222576238276,0.8015858357513196,1.8665203595694866,0.791603357453239,0.6336489238876509,-0.7984648542742431,-0.29407628640789507,-1.442673327373595,0
0.12703460764823707,1.0059701589024446,-0.3115754140379552,-0.40198298738414245,-0.5868626470034906,0.12107240592642077,-1.8803932934461876,0.49609462588802977,1
1.0365067872317624,0.20034293058304284,0.4875937685326337,-0.40939795130245743,-0.5868626470034906,2.8796841865284124,-1.2368093890432652,0.38673608488836875,0
0.4768315997957468,0.45701098229199794,-1.420515736141704,-0.09442289123420457,0.6336489238876509,-0.7984648542742431,-0.05447324241055535,0.03552610369414089,0
-0.2927217829287746,0.5201743446715598,-1.030301495347534,-1.81742913414909,-0.5868626470034906,-0.7984648542742431,-0.14250699295955715,0.38787437066883484,0
1.386303779379272,-0.9086313166683484,-0.15680552456781502,-0.9991091859644874,0.6336489238876509,0.12107240592642077,-1.5826958404120293,0.3628870042177617,1
-0.9223563687942922,-1.5742845747229124,0.03919129175756659,-0.09416415248679087,-0.5868626470034906,0.12107240592642077,0.5573739320173935,0.02119840193713163,1
0.266953404507241,1.2015695028386602,0.9749327468307917,-0.0168608163184079,-0.5868626470034906,0.12107240592642077,0.4499749738917663,1.1630327577825716,0
0.4768315997957468,0.5910533006321397,-0.3329344732000164,-0.43346991094671494,-0.5868626470034906,0.12107240592642077,0.6303757245797638,-1.6113057557856327,0
1.596181974667778,0.32760984880277416,-1.9397801028129402,0.16890988635805648,-0.5868626470034906,1.0406096661270847,-1.1812981781068668,0.010767482355913249,0
-0.012884189210766821,-1.8384480038889937,0.34255544050830194,-0.8933358544427096,-0.5868626470034906,-0.7984648542742431,0.07734365094388307,-0.9237755794369067,0
-1.3421127593713038,-0.14027640393855756,0.20246345995750037,-0.3889838483200829,-0.5868626470034906,-0.7984648542742431,-0.9466661241840382,-1.2606312576299972,0
0.3369128029367429,1.447931976510666,1.0891363763534871,0.8807937678192472,-0.5868626470034906,0.12107240592642077,0.04524969269875306,-0.8988041707943994,0
-0.6425187750762843,-0.6725946545410013,-0.8512729654093362,0.3786190216592504,-0.5868626470034906,-0.7984648542742431,0.3584690236280497,-0.6758629517305782,0
-1.132234564082798,-0.8179291444886416,-0.1854032635413872,0.7116288542147872,-0.5868626470034906,1.9601469263277485,-0.019482360546370762,0.5727040219214635,0
-1.2721533609418019,-0.16391435841073396,0.8394401149852242,-0.02175492781626758,-0.5868626470034906,-0.7984648542742431,0.973290280130476,0.24357156939645216,0
0.12703460764823707,1.952443255090986,-1.410001643256571,1.797123357605757,-0.5868626470034906,0.12107240592642077,-1.570334842842532,-0.8142456847560299,0
1.3163443809497701,-0.5437125699520767,-0.4021604769217028,-0.35261845021375265,-0.5868626470034906,1.0406096661270847,-0.2819840315327894,0.2953628569397394,1
-1.132234564082798,-0.10094813293389696,0.01624318886421348,-1.806084034280671,-0.5868626470034906,-0.7984648542742431,-0.25305747904311293,-1.631248131794848,0
0.6867097950842527,1.6317528234354568,0.6549405528374748,-0.8562295831553126,1.8541604947787924,-0.7984648542742431,0.6657238248245546,1.2320609979197377,0
0.3369128029367429,0.30596741492044854,0.9711178218415788,0.7721105262060263,3.074672065669934,0.12107240592642077,-0.9747938942668795,-0.1529730041104406,0
-0.7124781735057863,1.4964492127835662,-1.9123155930413325,-1.8603666663055696,-0.5868626470034906,2.8796841865284124,-1.8803932934461876,-1.583741076497495,0
0.4768315997957468,0.2924009779292041,0.7778902103095672,-0.8985879255605158,-0.5868626470034906,0.12107240592642077,0.2547321072871452,1.6104686457814383,0
-1.5519909546598096,1.252370168592449,-0.32433838030457024,1.4059989065678438,-0.5868626470034906,1.9601469263277485,0.6802671184678009,-0.5267264777640627,1
0.05707520921873513,-1.699549198687922,-0.47436467489379974,0.21691126368468433,-0.5868626470034906,0.12107240592642077,-0.2641889673305456,0.07806380727805419,1
-0.5725593766467824,1.0200195163543258,-0.8900855101169406,0.3470855622063448,-0.5868626470034906,-0.7984648542742431,-0.9306264899078558,0.017817304458357424,1
0.6867097950842527,0.4972804876389536,-1.321098399136783,-1.4059933739840729,0.6336489238876509,-0.7984648542742431,-0.21158840479607147,0.31144035729912567,1
-0.22276238449927266,-0.5696229730575156,-0.449211164965513,-0.5691434134529024,-0.5868626470034906,-0.7984648542742431,1.593933931152328,-1.2562301741167405,1
1.1764255840907663,0.8593166241806587,0.9479205217977803,0.6691069507531268,-0.5868626470034906,0.12107240592642077,-0.3191891357375468,0.1713436077093363,0
0.196994006077739,0.328784939895968,0.8737323971207887,-0.09220509986767948,-0.5868626470034906,1.0406096661270847,-0.5302222490625191,-0.006048457184170701,0
-1.5519909546598096,-1.6130094710504133,-1.099272681918965,1.3441800804996358,3.074672065669934,-0.7984648542742431,1.0399627907483104,1.371646258213892,1
-0.36268118135827654,-1.1244486374546014,-0.998538373494313,-0.044132513762101616,-0.5868626470034906,0.12107240592642077,-1.1210053964964182,-0.25472840477921965,0
1.386303779379272,-1.1864019711112797,0.2655171814231322,-1.1176084459039561,-0.5868626470034906,-0.7984648542742431,-0.05296365601006505,0.1531561945264477,1
-0.9223563687942922,-1.957434281706918,0.21532776684378602,-0.4869551765993216,-0.5868626470034906,0.12107240592642077,-1.261289954079494,-0.08148654140738014,1
-0.6425187750762843,-0.460723370073098,0.027235890109832114,-1.8757784445586336,-0.5868626470034906,1.0406096661270847,-0.06677836820148135,-1.5365864466819328,0
-0.7124781735057863,-0.08234239469798649,-1.4003883567130873,0.23059971367227322,-0.5868626470034906,1.0406096661270847,-0.3074300655462014,0.5810269127207894,0
-1.2021939625123,-1.402072078253471,-0.42811414874410547,-0.04271445589240094,-0.5868626470034906,1.0406096661270847,-0.5155836254567043,-1.631248131794848,1
0.8266285919432566,0.12236577621197449,-1.4238464887786657,-1.3083872145265645,1.8541604947787924,-0.7984648542742431,0.4993697127822706,-0.7379447726806467,1
-1.5519909546598096,1.4932208207158557,0.5835151985594179,0.42593307652314755,0.6336489238876509,-0.7984648542742431,-0.9180061672713208,0.9214527553164452,0
-1.2021939625123,0.23661714029338166,-0.07945362371167486,1.250774082120687,-0.5868626470034906,-0.7984648542742431,-1.6784848923418465,-1.149289331435667,0
0.8266285919432566,-1.3609485235407517,-0.6102832067581472,-0.29304913424355233,0.6336489238876509,0.12107240592642077,0.24434060132836302,-1.1708555353206789,1
-0.22276238449927266,0.8690016680270859,-0.24751064483321905,-0.29552786443123646,0.6336489238876509,1.9601469263277485,0.5111527541697277,0.12726553061247953,0
-0.2927217829287746,0.2899092075334465,0.30752997646375985,0.3235710721122723,-0.5868626470034906,-0.7984648542742431,0.13512406456508227,-1.0494128940785379,0
-1.4120721578008057,-0.3930951742959626,0.58874305486017,0.3828338278201922,-0.5868626470034906,0.12107240592642077,-0.6914646668933732,-0.12187714767746895,1
0.3369128029367429,0.5972975454420041,-0.061293308264281886,-0.18259592870520938,-0.5868626470034906,-0.7984648542742431,0.7937741524417385,-0.4707246827109422,0
-1.4820315562303077,1.0797479018816412,-0.1192157883355157,-1.2033367653344134,-0.5868626470034906,1.0406096661270847,-1.213435547650731,-1.1687379222307255,0
1.596181974667778,0.00433386408529838,1.5689099648453648,-1.1339425022394267,0.6336489238876509,-0.7984648542742431,0.4457675484328608,-0.8194751335370274,0
0.8266285919432566,0.6033405641774581,1.1119474310605515,0.8499089451713275,-0.5868626470034906,-0.7984648542742431,1.7929132810173312,-0.343717589209152,1
-1.4120721578008057,-0.2513024406701569,-2.810825196976975,0.8838916474701057,-0.5868626470034906,-0.7984648542742431,0.6380456115594585,-1.1387456195207748,1
-0.36268118135827654,-0.6024702325916653,0.10865281964237115,2.5601338085208263,-0.5868626470034906,1.0406096661270847,-1.2609323447693082,-0.3018814190680607,1
-0.22276238449927266,-0.27915707680390384,-0.6248591544501904,0.855641277901171,1.8541604947787924,0.12107240592642077,0.8676302887692324,0.4554874346002757,1
-1.2021939625123,-0.7442287710583382,2.301629434345069,-0.5611072743938349,-0.5868626470034906,0.12107240592642077,1.2549193909536425,1.088434320190865,1
-0.8523969703647902,-1.0140781383784794,-0.9510549922638412,-1.7967642170778424,-0.5868626470034906,1.9601469263277485,-0.32002024255039874,1.0498582476385525,0
-0.6425187750762843,-1.957434281706918,0.7671962941878249,-0.9359382083204859,-0.5868626470034906,-0.7984648542742431,1.1195766709629122,0.7496574439829802,1
-0.22276238449927266,-1.957434281706918,0.4144176715494504,-1.4348095699391767,-0.5868626470034906,0.12107240592642077,-0.026473537130170383,0.5388727016985767,0
0.05707520921873513,0.807635860534423,-0.33354088577504537,-1.0130917300917321,0.6336489238876509,-0.7984648542742431,-0.10691369902025508,1.1483682866695715,0
0.7566691935137546,0.32475370497925377,0.26825166207253837,-0.7958241858221128,-0.5868626470034906,1.0406096661270847,0.7375292570804992,1.3830832465391374,1
0.3369128029367429,-1.6245877462995182,0.6601480842968862,-0.6271935382034497,-0.5868626470034906,0.12107240592642077,-0.9034409311373284,1.1158143472227695,1
0.8965879903727585,-0.09126105765118858,-0.8304879058418426,0.5639082309755966,3.074672065669934,1.0406096661270847,-1.1870801265911837,0.4375372587210302,1
-1.2721533609418019,-0.1307753121599393,1.0561746499864308,1.0837476132143802,-0.5868626470034906,0.12107240592642077,-0.2707376242172835,-0.9431546667066756,1
-0.9923157672237941,-1.957434281706918,1.1318523361398913,-0.5792339077240434,-0.5868626470034906,1.0406096661270847,1.2221797819593074,0.036762762000151675,1
0.266953404507241,-1.3560776104793064,-0.5723988912589598,-0.08775533814919792,-0.5868626470034906,2.8796841865284124,-0.0034712641154755653,1.2066107953200884,1
1.1764255840907663,1.1540598698758313,2.301629434345069,-1.9629396532966112,0.6336489238876509,-0.7984648542742431,-0.16998546736007947,-0.09343083068540461,0
-0.9923157672237941,-0.4436149459599459,-0.9852947025004485,0.09792275239620765,-0.5868626470034906,-0.7984648542742431,0.522771832768273,0.5276567343610026,1
1.526222576238276,0.4300410503672114,-0.5151390962385528,0.6405396476922922,-0.5868626470034906,-0.7984648542742431,0.7020891632637931,0.4713122557843398,1
0.6167503966547507,-0.28301322109986715,1.237030483922221,0.6530303032141762,-0.5868626470034906,-0.7984648542742431,-0.4803205382732612,1.5074362502180383,0
-0.15280298606977072,-0.5564070438007993,1.3686269608011479,-0.3543452077949849,1.8541604947787924,0.12107240592642077,-1.8803932934461876,-0.08716317767538771,0
1.386303779379272,2.18785371174265,-0.5221695378995396,-0.02274669474369541,-0.5868626470034906,1.0406096661270847,-1.841062722223316,-0.43759409313324654,0
0.7566691935137546,0.12840438299862025,0.2943485538894296,0.44450825480472383,-0.5868626470034906,-0.7984648542742431,-0.6310491479959446,0.44374642536976505,1
0.9665473888022604,0.409472802999139,-0.3188311130376048,-0.9934037220755596,-0.5868626470034906,1.9601469263277485,1.179560548454805,0.895818679662895,0
-0.15280298606977072,-1.0634057645522152,0.6448442942267228,1.3273073178783028,-0.5868626470034906,-0.7984648542742431,-1.1114889664590613,-1.588547741902815,0
1.1064661856612643,-0.25283555211231357,0.6693343919399933,0.8704378968638591,-0.5868626470034906,1.0406096661270847,-0.4965090979208763,-0.12219004132200843,1
-0.8523969703647902,-0.06890489929471408,2.056710955567652,1.4909527391153885,1.8541604947787924,-0.7984648542742431,-0.30207927141248847,-0.17393526111375907,0
0.8965879903727585,0.4969405772545775,-0.39756973715933164,1.2386338439948243,-0.5868626470034906,0.12107240592642077,0.6392815677405057,-0.8076275796338962,1
0.266953404507241,0.20946722664254994,-0.015449017618755752,1.023973894819907,-0.5868626470034906,0.12107240592642077,-0.3171543034808756,0.7759684569052062,1
0.12703460764823707,-1.6400805239858895,-1.324323749213532,0.2856070108971935,-0.5868626470034906,-0.7984648542742431,1.1644718244123837,-1.631248131794848,1
0.6867097950842527,0.4868063555294363,0.11801826748965233,-0.6352456360762145,0.6336489238876509,1.0406096661270847,0.20681116486554077,1.090699732427181,0
0.266953404507241,0.13701609526434308,1.7055803935377425,0.5620275988350127,0.6336489238876509,0.12107240592642077,0.7817194926450097,0.14279056700714896,1
0.9665473888022604,1.5467212068804956,1.025958206051111,2.060152600609089,-0.5868626470034906,-0.7984648542742431,-0.45972557271132136,1.488759440538214,0
-1.062275165653296,-1.957434281706918,-0.22668819498831894,-0.6355688385507289,0.6336489238876509,-0.7984648542742431,-0.004811508297487387,-0.33234374650475845,0
1.526222576238276,-0.10477096370477275,0.8517738394038379,-0.011869829690614791,-0.5868626470034906,0.12107240592642077,0.057515094045861956,0.454647733236403,1
-0.08284358764026876,-1.0783378443731488,-1.8945125288940634,1.0343621348434284,3.074672065669934,0.12107240592642077,0.8319809673507044,1.0385490659884302,1
-1.6219503530893116,-0.5840721332817664,0.153979331348899,-1.464956777490794,-0.5868626470034906,1.0406096661270847,0.9960681871754656,0.549471116195487,1
1.3163443809497701,-0.2874163808122509,1.468746769624248,0.6604189616505368,-0.5868626470034906,1.0406096661270847,1.9032648512615626,1.0735248404578883,0
1.0365067872317624,-1.4777642369711603,-0.30513460114022445,0.10751974263284048,-0.5868626470034906,-0.7984648542742431,-0.09302385023625888,0.49309263472024467,0
-1.6219503530893116,-0.022625512584325595,-1.4150214566642543,-1.655937483306884,-0.5868626470034906,0.12107240592642077,1.392454736189932,0.8727279536971638,0
1.1764255840907663,0.5156023427058831,-1.6721457019680286,0.02582516696616137,-0.5868626470034906,-0.7984648542742431,-0.6481723138284087,-1.631248131794848,0
-1.5519909546598096,-1.957434281706918,2.215898495501038,0.10537820379629421,0.6336489238876509,1.9601469263277485,-1.3098053345202925,1.670045361039634,0
0.6167503966547507,0.9863609189719291,-0.4269592859282832,0.2594287577502811,-0.5868626470034906,-0.7984648542742431,0.125887940130702,-0.12918623525266204,0
0.3369128029367429,0.8181096440300863,-1.6404384800541245,-0.14816167246572753,-0.5868626470034906,-0.7984648542742431,0.350568302349573,-0.9054207638161692,0
0.40687220136624486,2.1642013653806074,0.5719853738926073,-2.00706759377553,-0.5868626470034906,-0.7984648542742431,-1.8803932934461876,0.2581181218715704,0
-0.7124781735057863,0.5116854302642081,0.7115652696975355,-1.6360024417607133,-0.5868626470034906,-0.7984648542742431,0.4285965377345526,-0.2771234609283313,1
0.9665473888022604,0.2050646669739078,0.2549046933268828,0.8932532871296939,-0.5868626470034906,1.9601469263277485,-1.1989627466266375,0.8679107203586415,0
-0.5725593766467824,1.1680840509486952,-0.8097254107949532,0.6150650111576325,-0.5868626470034906,-0.7984648542742431,2.4588595138286644,-0.11971602032674604,1
-0.7124781735057863,1.2795498600566513,0.3137200013423292,0.05870801838651572,-0.5868626470034906,-0.7984648542742431,2.490321097878006,0.43768959092957754,0
-0.012884189210766821,-1.2587782848300122,-0.33191960805218595,-0.536154911226554,1.8541604947787924,-0.7984648542742431,1.4593881457922293,-0.8827410083060221,1
-0.5725593766467824,1.47783918156489,1.1266904844076069,-0.6502676555917198,0.6336489238876509,0.12107240592642077,-1.8803932934461876,2.0027216525802665,0
-1.4820315562303077,-0.9513541478942927,-0.07137084911014403,2.0600150824578174,1.8541604947787924,-0.7984648542742431,0.3223244598966324,-0.7090211076470272,1
0.4768315997957468,0.3118359749182342,-0.8817528550874456,-2.278660678535336,3.074672065669934,0.12107240592642077,1.0687288400204678,0.1674167626105235,0
1.6661413730972798,-1.0351401928763597,-0.20845563757837068,0.6894935455414944,-0.5868626470034906,-0.7984648542742431,0.48001336109515913,1.4526090793943123,1
-1.2021939625123,-0.9572874456735849,0.26753655591858394,-0.9292580330895388,-0.5868626470034906,-0.7984648542742431,1.6393093686572886,0.882708506848161,0
1.2463849825202682,0.8730395383869766,-0.3857503547196377,-0.45858155550030255,-0.5868626470034906,-0.7984648542742431,0.2818841364218716,-0.8770293967340583,1
-0.43264057978777853,-0.6861652082040811,0.15686667724064424,1.6352573993732724,-0.5868626470034906,1.0406096661270847,0.15834813851111382,0.7591789832136882,1
-0.5725593766467824,0.8441910175601299,-1.3264871629144375,-0.5238031428494206,-0.5868626470034906,-0.7984648542742431,0.9679273732704062,2.1639542981120043,0
0.8266285919432566,-0.4215460280263793,-0.014816876661280618,1.1989915079136697,0.6336489238876509,0.12107240592642077,1.862097690036976,0.01794250267954974,0
1.0365067872317624,-1.2538016203740736,0.5017998815181641,-0.3859416960524977,-0.5868626470034906,-0.7984648542742431,-0.11877500157052125,-0.10452514175822947,1
1.1064661856612643,-1.4523554252786035,0.6978151752853934,0.3575942861814904,-0.5868626470034906,1.9601469263277485,-1.5599259763393687,1.6998916316378356,0
-1.6219503530893116,0.5562317147275166,-0.15204299754166595,1.3787995791253465,-0.5868626470034906,2.8796841865284124,0.5736479604134563,-0.899683456759264,0
0.9665473888022604,-1.5275282446691998,0.06678793976461635,-0.8885282040795366,-0.5868626470034906,-0.7984648542742431,0.6101063654038211,-0.48971918088371447,0
-0.36268118135827654,-0.1517503489526601,-0.7698528074919194,0.3285391867343733,0.6336489238876509,-0.7984648542742431,1.7338329312856906,1.4484246679276018,1
-1.6219503530893116,0.2628268979997435,0.8013077716814385,0.02738041234641994,-0.5868626470034906,-0.7984648542742431,-1.0693434902779686,1.4083479288841025,0
-1.5519909546598096,-0.4517380790789847,1.4169295859221296,0.7540694350390524,0.6336489238876509,-0.7984648542742431,0.05734331568947616,-1.631248131794848,0
-1.6919097515188135,0.6008523215031343,-1.8392185710540767,-0.8391515961405579,0.6336489238876509,1.9601469263277485,-0.5368632495941693,-0.7056089963193167,1
-0.15280298606977072,0.9225507941424367,-0.5191685018596206,-1.6920511636021147,-0.5868626470034906,-0.7984648542742431,-0.8650642310375883,-0.7924454370897418,0
1.526222576238276,-0.9199421414638036,0.5126560832559589,0.6923699128993608,-0.5868626470034906,0.12107240592642077,0.46734233620618326,-0.605793696538206,1
-1.4120721578008057,-0.16087323122142808,-1.2411458873101535,0.6990153980883901,0.6336489238876509,0.12107240592642077,-1.6523536133424424,-0.25508428900187186,1
0.6867097950842527,-0.7391627020227424,1.7900419395254703,0.6723803218594541,-0.5868626470034906,0.12107240592642077,-1.1491911203474268,0.8449797851398526,0
0.05707520921873513,0.4719510707634242,1.816231612947181,0.13542322443414512,1.8541604947787924,0.12107240592642077,-0.9548883605419307,-1.586052222817393,0
0.9665473888022604,-0.6541811415139961,1.3706703905715367,-0.35294478094197496,3.074672065669934,0.12107240592642077,-1.8591343882398417,-0.3809786373459929,1
-1.132234564082798,1.0168658245327866,0.8752031838016933,-1.00867108481943,-0.5868626470034906,-0.7984648542742431,0.3123271777942284,-0.9273080623061817,0
-1.4120721578008057,0.10992874902325264,-0.7762178171693062,-0.7423781422520479,-0.5868626470034906,1.0406096661270847,1.8945192991099515,1.3755910896669237,0
-1.4120721578008057,1.5894309321517017,-0.0836288359378668,0.6039208284816513,0.6336489238876509,1.0406096661270847,-1.2318674408524835,0.006622636484405016,1
1.1064661856612643,0.534738228290594,0.3474746045942489,0.647182400134925,0.6336489238876509,1.9601469263277485,1.012500319231158,0.46647576209827313,0
0.4768315997957468,0.9658904576615751,0.7485299140646916,1.2270596684791164,-0.5868626470034906,-0.7984648542742431,-0.10542853693143482,0.21174787403380976,1
-1.4120721578008057,0.26386610871127375,-0.49229696276734014,0.7520599037580884,0.6336489238876509,1.0406096661270847,-0.7811967525755558,0.8219921647336611,0
-0.22276238449927266,-0.525642720918569,1.4673310486139357,0.6261427483417976,0.6336489238876509,-0.7984648542742431,-1.4066021575790586,0.014799056930594308,0
-1.4120721578008057,-1.0908048446392773,-0.44008159878173836,-0.036650470072952156,-0.5868626470034906,-0.7984648542742431,-1.8803932934461876,-0.47931357179013095,0
0.4768315997957468,0.5888935667699946,-1.435066892072573,1.2456547057021587,3.074672065669934,2.8796841865284124,-1.0662460883122624,-1.164664238123363,1
-0.22276238449927266,0.2534000715803786,-0.8126648445194575,0.6176374191949296,-0.5868626470034906,-0.7984648542742431,-0.472980445541539,-1.1834024273661754,1
0.6867097950842527,0.9220297106801603,-0.39236175674835816,-0.4019954679170869,3.074672065669934,1.0406096661270847,-0.428175872018396,-0.9478851692446006,1
-0.36268118135827654,-0.6081171486271411,-1.7910561466022712,-0.8200544291360021,3.074672065669934,-0.7984648542742431,-1.3914310174205948,0.7098608420400516,1
0.6167503966547507,0.9554427330170245,-0.8510855061831532,-1.4411280491526424,3.074672065669934,0.12107240592642077,-0.743549410463032,-0.6657091930701964,0
-1.062275165653296,-0.3568057150043558,-0.4215569862751535,-0.9072019642033896,-0.5868626470034906,1.0406096661270847,-0.6090557629406252,-0.7267232887643778,0
1.2463849825202682,0.5327068284644425,0.4148767763652081,-0.03708924219307339,-0.5868626470034906,1.0406096661270847,-1.8803932934461876,1.3958884116574475,0
0.4768315997957468,1.0866976776331299,0.9398014059892725,1.0566947203609103,0.6336489238876509,1.0406096661270847,-1.8803932934461876,1.7490836243274461,0
0.3369128029367429,-1.8264766142828879,-1.1086259624766144,-0.10689612006490146,-0.5868626470034906,-0.7984648542742431,-1.73602871319146,3.2604340218833316,0
-0.15280298606977072,0.6907866227425468,0.5358914358788963,0.7650036078586157,1.8541604947787924,-0.7984648542742431,-0.6757475715760264,-0.41437465810034796,0
1.0365067872317624,1.1928822983430933,-1.315775430297185,0.05245775719036282,0.6336489238876509,-0.7984648542742431,0.15052575965237242,-0.1283080716483506,0
0.12703460764823707,0.29629024257587633,-0.39787255381240966,-0.7232843767156402,0.6336489238876509,0.12107240592642077,-0.23928889827262437,-0.6478496106887759,0
-1.5519909546598096,0.7097434652773823,-1.0408346807905446,0.161379009156382,1.8541604947787924,0.12107240592642077,0.5998751368696311,-0.9287672733971246,1
-1.4820315562303077,-0.6132778315627735,-0.661720250190751,0.15660467994638902,-0.5868626470034906,-0.7984648542742431,-1.3083958461445757,-1.5176847962716775,1
-0.22276238449927266,0.8129330164035254,0.7477011715283184,0.3408452814045497,-0.5868626470034906,-0.7984648542742431,0.35490291767629134,-1.631248131794848,0
1.596181974667778,-0.15834732787295203,-0.9597309250805631,-0.20788314949843614,0.6336489238876509,-0.7984648542742431,-1.8803932934461876,-0.7581251561289327,0
-0.7824375719352883,0.049692186906409266,0.00945278945464507,1.0770148103192156,-0.5868626470034906,1.0406096661270847,1.2972032494729675,-0.01746153390166042,0
-0.7824375719352883,1.0477008890630208,0.7674429042973832,-1.749770150589078,-0.5868626470034906,-0.7984648542742431,1.4939416800341943,0.3178773392385441,0
-1.2021939625123,0.07804576350422977,-1.1382420082829259,-0.5461681022884547,0.6336489238876509,1.0406096661270847,-0.6397361205194931,-0.4478570380579367,1
1.2463849825202682,-1.3874295632938336,-0.37448528464832687,0.24124536133121954,1.8541604947787924,1.9601469263277485,-1.6231340529427662,-0.7111651719749305,1
0.9665473888022604,-0.9988557943160261,-1.2091301985275376,-1.162787521884467,-0.5868626470034906,1.0406096661270847,0.5693367606353135,-0.6899818975139609,1
1.6661413730972798,0.49391108827505614,0.3165134102469746,-0.13209496261468565,-0.5868626470034906,-0.7984648542742431,0.6746830482469882,-0.5042623604780676,0
0.196994006077739,-0.1962555952646955,-0.3749317446099363,1.2368210117528309,1.8541604947787924,-0.7984648542742431,-0.9409724649433316,1.253372507356217,0
1.386303779379272,-0.9550900538006256,0.8067646745540348,-0.5095917925934703,-0.5868626470034906,-0.7984648542742431,-0.8691150890130565,0.25278465778089926,0
-0.8523969703647902,-0.17132588663498807,0.5346966275027082,-0.5564393952442546,-0.5868626470034906,1.0406096661270847,0.8837202087317434,-1.631248131794848,0
0.3369128029367429,0.27416592010874863,-0.0420894698733382,1.0135760384033619,0.6336489238876509,-0.7984648542742431,0.8242244955979663,-1.3884501738040582,0
1.596181974667778,-1.957434281706918,1.4763463717684127,0.701990170622404,1.8541604947787924,-0.7984648542742431,0.5346764040825857,-0.1452704488421718,1
0.196994006077739,-0.9478644885320887,-0.14763520897472457,-0.4650517280244802,0.6336489238876509,-0.7984648542742431,-1.6663309170863432,-1.5886589925697938,1
0.7566691935137546,-1.7682013187804053,0.7104690927393699,0.12428506452439018,-0.5868626470034906,-0.7984648542742431,0.22037158253176672,-1.631248131794848,0
1.0365067872317624,0.7508991551597963,0.828679638342414,-1.0531380396581642,1.8541604947787924,1.0406096661270847,-0.09327373059436743,0.1242791795072639,1
-0.7824375719352883,1.9219481866223862,0.1503225911708327,0.6342290353075271,1.8541604947787924,-0.7984648542742431,-1.1191963131989382,0.9004086902549904,1
-0.7124781735057863,-0.5163028670125417,-0.028664666567596135,-1.351286882594091,-0.5868626470034906,1.0406096661270847,0.2684822464239043,0.5969935981224629,1
-0.2927217829287746,0.953497974479634,1.3099314309702474,0.7925699937503129,0.6336489238876509,-0.7984648542742431,1.348374338675062,2.272143423560464,0
0.196994006077739,0.6354955331623893,1.6314979552902202,1.2617067642667787,-0.5868626470034906,-0.7984648542742431,0.9116687737317941,-0.8544552084375084,0
-1.6919097515188135,0.14299949374641355,0.24997343759150042,0.15432076524469868,1.8541604947787924,-0.7984648542742431,1.2545907366187632,0.3485045068705349,1
0.3369128029367429,-1.1349602982770683,0.7104421504228242,-0.37648076734324004,-0.5868626470034906,0.12107240592642077,-0.4158089245490783,-1.3353310343145643,0
-1.2721533609418019,-1.7502519230105393,-1.4239370678044228,-1.0185262915590243,0.6336489238876509,-0.7984648542742431,0.4961323773817324,0.2688280449046488,0
-0.9223563687942922,0.17712313841882166,-0.18445730946815983,0.8240568140912545,-0.5868626470034906,-0.7984648542742431,0.11676859740651549,2.562925780679127,1
-1.6219503530893116,-0.13126472886249801,-0.8649448807275711,0.45999392002671885,0.6336489238876509,-0.7984648542742431,-0.483024152578885,0.08123632083429022,1
1.456263177808774,0.11125214087484359,0.5782806893246263,-0.14754525231575222,-0.5868626470034906,1.9601469263277485,0.4228466492581817,-1.631248131794848,1
-0.22276238449927266,-1.819271600274274,-0.3869145557421588,0.5140736104019963,-0.5868626470034906,-0.7984648542742431,0.2904301354689892,1.5356716156141264,1
-1.2721533609418019,0.16402201398150382,-0.9472508719620781,-0.6328163227972837,-0.5868626470034906,-0.7984648542742431,-1.2400929526154025,0.1791082631453572,0
0.196994006077739,-0.07738813384409077,-0.06072705723199536,-0.5149465444816805,-0.5868626470034906,1.0406096661270847,-0.5399970284467489,2.024751338843933,0
0.40687220136624486,-0.23183086665313302,1.5789873760396185,-0.26579717160259525,-0.5868626470034906,0.12107240592642077,0.81793774925854,0.7715284353201205,0
-1.132234564082798,-0.18140380011076082,-2.0846636270670413,-0.20473918488370627,-0.5868626470034906,0.12107240592642077,0.1598257404044238,1.3132201824796244,1
-0.2927217829287746,-0.7323081182554724,0.5446515164562131,0.20563416130285603,-0.5868626470034906,-0.7984648542742431,-1.006983803357849,-0.32777828128148834,1
1.456263177808774,-0.08407015286226684,-0.8371767217376228,-0.043613508457606684,-0.5868626470034906,0.12107240592642077,0.5550036783055735,0.7284781149028711,1
-0.15280298606977072,-0.20662242433903794,0.342090217169593,0.6050261393761744,1.8541604947787924,-0.7984648542742431,1.8343944973512143,-0.4389988355397103,0
0.05707520921873513,0.6222910578759142,-1.3463164786176476,0.8720737281992552,-0.5868626470034906,1.0406096661270847,1.3989872954832139,0.257444354373024,1
-1.4820315562303077,-1.02422676018993,0.9805570856984491,-1.459947526726702,-0.5868626470034906,1.9601469263277485,1.3543998900931462,-0.520697432565979,0
-0.8523969703647902,0.4681970943014439,-0.4294600717242764,-1.3710314812171385,-0.5868626470034906,0.12107240592642077,0.32463291890599444,-1.631248131794848,0
0.266953404507241,-0.7410226946684304,-0.8379591072064114,0.6380669984634249,-0.5868626470034906,0.12107240592642077,-1.7277783308304702,-1.631248131794848,1
-1.4820315562303077,1.3482531936716948,1.0217540186196015,-0.21336789163885225,0.6336489238876509,0.12107240592642077,-0.17088597030683453,-0.4761393563793301,1
1.0365067872317624,1.3365247345333542,0.05467970200332404,-1.6222428303615648,1.8541604947787924,0.12107240592642077,0.7475751146832431,0.6535467729119412,1
0.12703460764823707,1.0113737316666742,0.2300345728300862,-0.13000356624940415,0.6336489238876509,-0.7984648542742431,-0.4475611818260124,-1.3662825529158484,1
-0.7824375719352883,-0.47103266679084577,1.0766784821676036,0.3224980219334639,-0.5868626470034906,0.12107240592642077,-1.8803932934461876,0.30085770828086794,0
0.4768315997957468,-0.8641848012319989,-0.2512479360306537,-0.286097355757436,-0.5868626470034906,-0.7984648542742431,-1.0880223877951563,0.8050344350372177,0
1.0365067872317624,2.560820912630979,0.1321020768314498,2.334712286329876,-0.5868626470034906,0.12107240592642077,-0.008331508791938518,-0.14186767599284436,0
1.0365067872317624,-0.7650685614562297,1.417268300204779,-0.6553178244812571,0.6336489238876509,-0.7984648542742431,-1.0905833300814494,0.15848011270966825,1
-1.062275165653296,0.7923034151749767,0.07396540777885903,-0.22599453174207326,-0.5868626470034906,1.0406096661270847,0.18055939832828755,1.0186593116514595,0
0.05707520921873513,0.673501285008413,0.0681978693799003,-0.5653196631720733,0.6336489238876509,-0.7984648542742431,0.5182033261906286,-0.756719626546635,1
0.196994006077739,1.0036598803335464,-1.5050709683242953,0.8409515339732018,-0.5868626470034906,-0.7984648542742431,0.9396028175086412,-1.5012299392203727,0
-0.08284358764026876,-0.6305688397825195,1.1632082443253784,-0.29617310467390745,-0.5868626470034906,1.0406096661270847,-0.7252680327580753,0.9510867584944104,0
