age,income,credit_score,debt_to_income,delinquencies_2yrs,recent_inquiries,loan_amount,employment_years,default
59,82290.51702377168,637.1996488540005,0.22491573262348274,0,0,20302.741544953053,4.253007507003093,0
49,97153.71137766106,735.0663664031147,0.36068653413595747,0,3,5726.618109266428,6.005972701453813,1
35,85120.07946834512,633.7546209465877,0.47769821736173423,0,0,26235.016409205222,11.216806262606593,0
63,88256.33364883852,651.7867547913734,0.2670073731894775,0,0,22603.74668509461,2.856417416214455,1
28,65993.54239776068,576.7452723122278,0.24534465952919432,1,2,25320.007762887246,0.0,1
41,65283.71197440548,645.1834176925081,0.2535574709564403,1,0,20024.690761400532,6.2575088262428995,0
59,71676.25963371134,699.0395906760939,0.42818615078897176,0,3,8493.16418708224,9.46494768603485,0
39,83361.32018625751,797.6700871758121,0.4472177246243192,0,0,19999.27148087524,4.426308234390417,0
43,57917.11710418467,653.4878415348735,0.3240470470114553,0,2,26230.97083649424,15.53219794814978,1
31,68051.34836257513,602.1373139684799,0.545969870368368,0,2,8096.912105337351,14.589992263958557,1
31,57241.35960110037,792.3026728200593,0.32383598711241535,0,4,8891.739834120548,5.71010914180433,0
44,67892.12054986323,642.1585672186836,0.47507998570017984,0,3,17539.156140488903,6.7468526273328795,1
56,33725.09172545382,548.8713757894351,0.26815980748988727,0,2,16286.704649676733,11.474925896834574,0
60,130149.43667398796,689.9820301352588,0.6000507840446677,0,1,19838.36165381234,5.64066109147948,0
44,46676.4970305281,655.6419895040618,0.5084157698695654,0,0,17083.02054296053,2.7836459309859296,1
23,55963.481881014224,850.0,0.30464304373657813,0,0,21599.995457971876,9.55572762494105,0
42,44518.39016112994,715.6524525760409,0.4921448250460403,1,1,32218.18019449358,7.857651369741183,1
22,80392.7187291135,669.0243234758873,0.4860776589406421,0,4,25383.883885973573,2.770620751936751,0
44,60099.93421894172,610.6627093058297,0.5063649291551178,0,1,20561.516543364174,7.116656680999036,0
64,40904.812247569556,704.7625130894726,0.05,0,3,8932.884530542278,5.359757925566886,0
50,81422.08415560857,789.2532462546345,0.4063221739149002,2,2,12780.134122244606,4.459617234630533,1
58,84791.22869806978,703.3860637607945,0.38507585231668895,2,0,28417.341790468447,2.8566414866646324,1
22,63328.091888068324,616.4427730911541,0.37652879371321435,1,0,15315.146061416828,6.485612446490195,1
41,48409.35121544808,720.4104658813966,0.3462015720077477,0,0,10322.478715062874,4.936570532442051,1
53,119776.65013899293,676.3544828845388,0.3497373535417432,0,0,40980.33118778794,7.138826307034916,0
32,73501.69076313078,713.6459827488621,0.4739768366357697,1,1,35244.59373926676,9.279350488259906,0
42,33148.2753761669,653.3894487361835,0.38473680484320466,0,4,18755.465808671448,6.9262654777235895,1
64,100351.0115250692,651.6278544304091,0.34602877324788356,0,2,9173.35498431261,6.994738397505304,0
45,43605.63126468572,648.6665151926165,0.45672572178027426,1,0,27233.588472729472,3.8352917273300933,0
69,133546.9585067479,750.6678613623021,0.3701631414094244,0,0,15099.32001670876,10.697424058059472,0
47,66991.44643818967,652.3831043569181,0.38162821128240565,0,0,28885.32762812048,2.6058827160849325,1
62,90332.90090138384,645.520195146933,0.5440444530573473,0,1,15109.46589237373,0.0,1
48,18000.0,609.3450573828225,0.26786231449404235,0,0,36453.95567895256,1.716066077583652,0
36,32896.47789775093,714.0510351287576,0.1381147593918509,0,0,14812.583686041524,10.13705564573149,0
35,98346.49049401787,703.3776351598414,0.32868362131889567,0,0,43647.33484603599,7.835591280793096,0
67,72945.37664072843,646.3423831633527,0.3457452013948357,1,0,21950.577848796816,11.247770491728225,0
64,116059.91056785182,626.7965969331605,0.4065834835348629,0,3,33843.0563405444,0.7077938993334572,1
23,77129.37763073973,820.7130059920784,0.3328779097594353,2,0,14598.996409901327,15.280872881069918,0
57,68632.40599352599,538.9667708656372,0.41061430927670706,0,0,6886.497479918189,4.865263259038587,1
27,107839.34977055513,716.9879002401291,0.6205540016325883,0,0,2000.0,0.0,0
41,90253.4249806361,776.8552661162006,0.4161817182652411,1,0,32766.038380800317,14.783132667902608,0
29,60093.47001809277,425.9889678883775,0.4372778361261762,1,1,20680.13909976041,0.7595909538426531,1
59,37647.39748753882,739.5605045057134,0.3044562310733079,0,1,7524.245494782919,4.408417145931147,0
38,18000.0,663.4809048877934,0.15376914925912374,1,0,33182.03051085856,5.1769910382413356,0
24,54058.35825493237,699.2041148212445,0.05,1,1,31559.94016760827,7.776332570001314,0
45,35341.6226194657,655.7571526608433,0.25775833014371385,2,0,33823.85840370535,2.834786096266543,1
34,129942.61608085959,760.6545084234558,0.05,0,1,6602.139715571409,10.157252915103108,0
29,48740.72639824933,707.2339506253518,0.38162588300231287,1,0,32464.113010457535,9.014544678042972,1
46,48057.27485937388,689.8789917150737,0.2740619618690175,3,0,23840.419756755426,6.076267279121864,1
22,26968.878135283863,612.5854544781055,0.16239501602297082,1,2,34276.23037307577,11.297317737845987,1
40,58342.06678693242,821.1719175375641,0.33570489439383505,0,2,25427.31164544382,5.728573116647714,0
48,48386.62675894468,680.7448264799954,0.23136413676298356,0,1,21730.15562847638,4.897416585965171,1
67,108443.23571861148,850.0,0.3740931504380922,0,0,32599.852344622188,13.992411066635329,0
27,69211.9039853746,824.5677038883646,0.4049151595787005,0,0,28518.994381843164,7.182944169159551,0
64,64778.39943359056,546.6236774550964,0.23577990044138702,3,4,30817.65598773033,2.0573944688293255,0
28,61633.18114793506,630.8790529397983,0.2915262582691609,0,0,15119.525993492123,2.5989228792127723,1
67,84654.37300473006,602.2286745518794,0.34578749046058643,0,0,18275.906260055213,6.075832562611007,0
55,53691.795859137485,676.3845438884703,0.151154934374909,2,0,2661.864077533359,0.0,0
34,81680.15233829596,694.0373015364621,0.3457769027452419,0,0,14398.759309334051,3.468042139139647,0
37,105349.2455181861,697.2444850920073,0.14827776223047254,0,0,27903.935386389694,5.598424046132474,0
56,76501.87525749116,759.0596507014234,0.3878860375463443,0,0,25641.878175983882,5.331209918729135,0
60,58756.717929371625,792.0187076981653,0.2677803604846161,0,0,10204.678900696937,0.9702270090267557,1
24,41163.52072570247,752.5615811928978,0.1476148719146919,0,3,32823.45420235093,4.20593683424054,0
22,58121.90034132314,637.929858933219,0.2504031681031011,3,0,49730.75285370285,10.719215588661543,1
26,79076.97184931427,621.348210116942,0.2554790502567869,0,0,10972.75545421356,9.89259532137155,0
62,26686.816452066967,680.2071376912952,0.4482225060064333,0,1,17941.181979561294,6.382465578916097,0
24,85788.56894273206,711.9589644803497,0.3407965639142953,0,1,13784.045744485742,5.724360094436036,0
49,70190.3172057016,666.2606490712159,0.20524670509218407,0,0,19051.142438069248,5.3534930061524175,1
38,61270.27100603203,579.0886372810834,0.5178879544640584,0,2,22739.06000481823,6.945240250379693,0
46,48514.66471372494,731.15446314326,0.395178848181267,0,0,13026.670614124738,6.4102753786980395,0
64,53090.55747576582,650.5763923449573,0.27964131577044055,0,2,17230.802059281665,7.296563883484107,1
54,79932.6510366327,648.3115449183467,0.13353989771659733,1,0,20872.431985927764,8.007176699755423,0
30,61794.71184762223,675.9040494456431,0.2690487704623768,0,0,24716.019660075526,1.1555700432511973,0
56,52471.500818035754,662.007581218988,0.29353842984107953,0,2,34664.929049853396,4.7589252335411985,1
34,76714.08733428807,652.5124208365924,0.3642838797740307,1,1,19855.2114133525,6.791649639584792,1
51,77704.74443730325,583.9906019800108,0.39287078115915863,0,0,14381.643648103414,2.1366596931058295,1
68,33770.6234668988,671.5814399786256,0.4167898514492882,0,0,26963.39147698877,3.3047145825624735,1
35,79287.01741442463,732.7215343930151,0.12662390829937434,0,0,24001.72878972809,5.128413169525722,1
28,127542.45532151108,699.8483003840967,0.34502057853958906,0,1,18071.724041752706,5.324661367053808,0
34,76740.5197343876,751.1091079325483,0.3008461009702146,0,0,24850.16724826827,6.866411147565255,0
43,22524.819878908304,625.3591233259995,0.6413572731403854,0,0,16168.514212741558,2.607876948168181,0
60,69434.38479598865,584.1456140661649,0.3277633326915645,0,0,14696.159809455672,9.872081819578936,0
41,19229.61564515788,661.5612515766503,0.24528161618463545,0,1,2000.0,5.291696437964691,1
36,144184.29180160398,633.9322536088478,0.3332442628060298,0,2,16720.76892604422,6.580790806421602,0
65,120891.86717461186,641.7248762594189,0.31897180543870807,0,2,2374.7701914946047,4.520670233275113,0
38,48351.5379301151,695.8812288560846,0.08131528314187819,1,0,13605.961511640302,6.9426030007700525,0
67,18000.0,642.2689595671509,0.36899653561014045,2,3,25794.80736597322,12.684884637762522,1
44,43040.7203226804,586.2448633095204,0.2827330291185702,1,1,4948.303261644,4.483524629548294,0
46,60475.23152650691,638.0753954088501,0.3167970541807378,0,2,18101.55055833634,3.8220145823212524,0
45,20953.406449006536,705.5044525145602,0.21517177593313302,0,0,20654.73667767299,2.6793777800892706,0
65,63274.43712509431,730.3610450755189,0.18873029237453173,0,0,17614.057956687662,5.761512601267484,1
61,60310.533393243706,729.606708806251,0.42546588008907743,0,2,15186.651727595063,5.715185278921139,1
49,68128.86742657221,711.8354820685933,0.4530147987731388,0,0,23253.888135526387,6.205772058392727,0
35,70741.1294234495,667.3929900526067,0.3701718326524682,0,1,24640.99200566603,7.873023518945263,0
65,40859.56000307121,710.3685574219347,0.10270428793284389,0,2,20015.261285396293,7.368672428189624,1
21,43664.649006258645,676.8248256351322,0.37796760311135885,0,2,15742.39082197072,5.909914073869172,1
45,66139.80411175125,688.4822103365178,0.10448761383959768,3,3,28647.359330501084,13.815206272155645,1
27,49225.196753151315,609.5504946600545,0.24065892382060816,0,1,6892.599397517493,8.762721136368288,0
29,87687.3692104314,683.2906222820536,0.423867013850869,0,0,26873.785584752208,1.642960228637354,1
44,65897.3637441925,708.3999675688559,0.398911817804539,0,0,24196.943913216557,0.0,0
21,111625.08084993684,705.5845485079782,0.3748360837440164,0,0,21990.26843813269,3.2174034978623323,0
64,85512.06095678065,583.4360730455526,0.47754831847037404,0,1,19901.045042733556,6.610633520200511,0
28,92592.84673476494,687.2195582302537,0.38720181768895123,0,0,2000.0,2.8820013761288625,0
44,68314.15169911964,571.7082816902065,0.07771769299509412,0,0,33873.52362011728,3.4894910207737904,1
31,68934.03753225741,693.0257484603894,0.27565629844923684,1,1,28386.710488851913,6.104268154305937,0
37,108283.01449772943,627.3997106297965,0.3150069850722727,1,2,10386.098241056943,4.632109364454892,1
28,55542.67791157427,807.9232206894084,0.30095099278767534,2,4,27588.096850156217,0.0,1
55,78669.48385413099,688.9432496971917,0.24594377898771325,1,2,21888.396995236202,10.30870611396955,0
55,58344.06169596355,740.0873014867942,0.19638126398436864,0,2,14169.979705435495,9.379827563627325,0
53,58284.09854031743,838.315447776821,0.6080893963351182,0,1,31917.937173895472,0.8595165667478701,0
25,35777.593356457,618.6948641683459,0.2733506209753062,0,4,15691.607411591307,6.227564398631488,1
62,46437.14122857648,712.6756183179433,0.6021922464049343,0,1,33561.26599596221,1.5337938788532437,1
59,41793.26371458874,591.0566743075366,0.18304515142927352,0,2,25342.803649501275,3.5648136805801007,1
61,79859.22022307923,705.867275618744,0.39884720825108094,1,3,29565.587264243542,7.9446118034214095,0
48,91005.14820559157,812.4281949837803,0.3475569699667843,0,3,25790.853730734478,9.240188469600211,0
27,62631.16566053994,632.9087589168658,0.20936605675219272,0,0,25327.30787759542,9.14657175658466,0
29,70740.69825409133,613.5534265029053,0.263893146821518,0,0,22152.30431646433,6.979356816399813,0
28,61188.21612237259,673.1619324861077,0.3181843916766836,2,0,12731.81052944731,11.10082294572978,1
32,44730.602002675376,833.4362966066215,0.21870600594006492,0,0,20625.25722344808,3.557753202282472,0
54,86556.57561992198,737.8279189964941,0.28926312871574883,1,0,29163.908440411673,4.445483345242808,0
53,81313.36734398697,612.1314010957992,0.05,1,0,27192.597115856166,0.0,0
68,18000.0,789.1295436861327,0.4053819188322487,2,0,25012.534648602978,5.627773928673245,1
43,57922.27496911866,555.870275575011,0.46725820089473513,1,1,2000.0,8.318773856146276,0
44,42949.316469814294,840.2419346602044,0.37452364489983914,1,1,17867.758810927422,7.141038448035606,1
57,55226.53575836937,744.233801001137,0.5917109753525336,0,0,16817.10778650197,3.5039185870266003,1
55,48239.21082384352,812.2668080005038,0.4018515473119872,0,1,8967.424319383872,9.378102425258142,0
64,63839.490731465005,556.4151418711974,0.4571371566533072,0,1,29037.576211372674,5.704676990481895,0
60,56752.13162166315,692.7081373144765,0.4686035399012133,0,1,2000.0,9.065706848034804,0
42,56221.48265447903,669.9583305075713,0.05,3,3,28366.357479013124,7.94459874042505,1
47,92684.71070846784,604.476539491502,0.37084078384994756,0,0,33292.382494032296,11.698035835612114,1
55,78929.46651673122,582.7982284811455,0.15404780596198628,1,0,17901.582617311313,7.357453450264815,1
21,47402.63374248916,718.0310944069662,0.17829158581150337,0,0,19256.610560223187,8.439770691737127,0
55,51111.33167966447,724.8298781085218,0.19916320738377025,0,0,29675.592356933383,5.693131645179587,0
57,77294.82638499032,777.4980535044315,0.28247410399791484,2,1,12363.45346575668,3.988439399684022,1
67,77260.48929256917,642.2434210004877,0.3980551952885236,0,0,26607.764767724566,7.9629288302414585,1
34,49905.49402344828,669.3792642383142,0.3720787790008045,0,0,10821.856523235674,12.010922790158837,0
23,59150.23332744588,576.3155056290432,0.3184902340618883,0,0,7825.58094380633,3.5364774083080763,0
21,111170.15100217421,795.5589358996062,0.4067220129447153,0,0,22959.907266498696,5.00745468484965,1
25,50336.297786966425,685.2161065817933,0.41401835859105235,0,1,19733.13018705464,6.106601740870698,0
46,112770.11471146962,734.1941376215079,0.37311490270800146,0,1,2789.9568882901985,8.739585239766855,0
34,92591.67356314513,736.8429047083259,0.1130594256710257,0,0,34153.109524196225,7.381831931552648,0
59,108135.40687638664,789.4330367976484,0.23128006527719314,1,0,15852.829616163563,9.652252625733599,0
47,49273.20069826428,617.645039954941,0.32315934007311786,1,0,25106.799193590523,13.895637902564582,0
29,60786.10314843097,732.3189950260384,0.40801434597693015,0,0,36051.83251333151,3.444394760055215,1
35,53770.90478061093,678.1243470268219,0.16057044107312163,0,2,22476.043762793623,8.438915912581558,1
35,93168.82979815507,837.9257799755474,0.31863857722696637,1,0,32732.920658670908,7.2825591127486815,0
46,50807.90568319776,617.4226865752987,0.13212506523326575,0,1,11369.459536550175,6.076160869711799,0
62,83280.38733357184,767.8569760822904,0.44311015828631334,0,2,34209.85353830048,8.424340894707132,0
33,81957.48527980103,706.2756334421298,0.34908167340376695,0,0,11741.355040168768,4.93278791840635,0
52,63799.261732145584,702.3392070654515,0.15846367568528688,1,0,14288.585123718189,7.292182926587949,0
59,97466.49335410839,684.0515544535617,0.15767257546348482,0,3,5453.345890124565,0.778830281144204,0
69,67691.99674316513,780.9999367127591,0.3664918245901112,0,2,22684.245549159416,3.844738887576709,0
52,85852.14296520757,699.7888775805451,0.48497586974757984,0,0,26309.27514342926,10.190083256439053,0
24,52632.41577705544,565.6688496409267,0.18838569950607836,0,2,27668.083853935193,10.036331930417681,1
50,46914.079647329374,771.4627676534184,0.4143924930339292,0,2,5684.1374028461505,7.037733186872741,1
57,83278.6382314402,757.7151374098792,0.2549314738366604,0,0,23749.762464630316,4.187800982441017,1
43,75771.0061083437,724.0353263159635,0.41878329232314637,1,2,24119.823680087087,9.301063318739772,1
59,71082.69160320914,595.364477768934,0.4019829092438375,3,0,26147.717095759283,10.945949525986551,0
65,56407.79130155541,607.0163479834009,0.33863598097789277,0,1,12272.712134314988,4.35053252043595,0
35,103730.2369131576,539.1917836072919,0.09987304324633006,0,4,2000.0,0.17992125339273723,0
63,37085.35489365383,714.524740488486,0.4017422780148936,0,2,27064.789040033807,7.796539701816077,0
49,35716.4247567257,578.7838363869223,0.3802423125196238,1,0,18541.703650970594,9.655073109629773,0
56,88554.16262909572,551.0936830353377,0.3692515703833403,1,0,22802.41105709688,8.349934105352308,0
33,86502.40960357674,775.6241839475033,0.3434808875877174,0,1,19053.92963210173,12.260316788919761,1
52,73844.06947479669,737.6134673347135,0.21454557340014704,0,1,22345.02247026879,12.277202662112574,0
27,57801.19445242984,655.0121251376805,0.44995553252229337,1,1,27371.192941892554,4.778410813412665,1
42,77560.5532297603,669.9465062557103,0.4277767664979963,0,3,2000.0,6.795977542308478,0
48,108020.75742798834,499.4491844762043,0.1909492667786402,0,2,31410.2027623928,4.013860631947823,1
22,127888.65519685563,748.7558689294415,0.4777154012621302,0,0,18178.57504329579,1.911745213570704,0
62,23589.657363121092,628.0451401633487,0.3358003321562465,0,0,36270.74268475999,2.146242780792039,0
65,54526.99701878634,704.7718147349856,0.3354964343774207,0,0,15405.44584614817,8.868085413052173,0
26,52955.66842537901,493.35783036563873,0.2988373596297581,1,1,13184.02187412588,7.211550082745772,1
48,105662.98679249204,753.3176024121159,0.3106407924097933,0,1,18516.605922090825,9.559843362003358,0
48,18000.0,623.5366422960707,0.48450790259717236,0,1,24999.870409318424,16.126485639865837,1
64,77845.87982663864,576.7968302157984,0.44396899815182184,0,0,17256.47448336955,7.999470412965589,1
64,58579.74228952416,654.5298774133724,0.4414216500367298,0,0,25725.132876255233,2.8483176835984096,0
40,105952.81873869101,635.2703586548387,0.3421477223054454,0,0,16128.74094940449,10.140507282699836,1
50,102525.97100011152,760.57007096824,0.4267006068241276,0,1,20348.922180111033,2.7739508306355645,0
31,74137.66837066732,648.470365822878,0.2198824311151314,1,0,42365.52949044704,12.993347539138973,0
48,25506.92323220508,782.1962769960026,0.39001315741976805,0,0,23572.66863532556,0.0,1
45,50652.76294162167,704.7606961841805,0.3015814361637239,0,0,24374.96226925976,3.813804198656946,1
59,53390.223084656536,747.0775915409281,0.07282340151100133,0,1,5274.300128110226,8.48855309244392,0
53,31838.63013866338,679.8375160079086,0.1296678009413644,0,0,33542.87523345,10.710083975298174,0
21,93864.60704648425,775.4044236754912,0.2404425463892936,1,2,30664.65085323267,3.2920674948392707,0
47,28664.337568139854,593.4782007287993,0.3698184781218452,0,1,12855.508907082014,2.566968128586706,0
33,114133.1877113428,688.5218343120745,0.24055042539992372,2,1,30467.259343717367,6.593468766545509,0
61,114070.56585113646,650.2673127926439,0.24906599151383496,0,1,23298.012273400207,13.635975400929542,1
23,55373.49345351235,784.7471359630484,0.411591310624981,1,0,20464.158986065715,0.0,0
59,73212.3842532454,792.4275803494569,0.2533985456660376,0,0,32909.55646274999,4.743519611310134,0
26,63192.913048239396,680.0315944427839,0.47969686904412934,0,3,14877.0142692927,7.040740078903144,1
28,87545.62000904226,583.1366674178146,0.45981484877841616,0,2,12776.449443201496,2.816202547035201,1
47,96866.93346411898,712.0322987593751,0.3226257584685582,0,3,22075.633203370053,2.802455129160284,0
29,71449.92480300166,555.1542698724675,0.4104153741989994,1,1,25282.288145376304,5.066433541566193,0
57,76727.91774452657,801.9607099087334,0.39406885452276585,1,0,29663.158866938356,7.170839304197899,0
53,49484.89340151209,644.5122447022972,0.2905201668848716,0,0,18490.47048253395,5.2197534140133515,1
62,75917.84917225846,677.7072377436879,0.42339615955665755,0,1,11502.288834093513,11.86226260946386,0
64,69069.05197309953,628.9286693144934,0.4410682466468632,0,0,45285.67717964928,8.370415113607002,1
44,42205.13778121608,612.3663809974385,0.20570777230515197,1,0,9134.054389610375,7.532656092860288,1
35,64649.07226642222,735.296848741029,0.33842583659848896,0,2,20551.18123289529,10.110614477233486,1
52,55420.43705034817,668.1037492211509,0.33710045870913985,0,0,27797.05524547612,7.603211565659692,1
52,49762.610454548536,683.1861904192382,0.42195433609408456,0,0,31511.226150378352,4.227253490794128,0
44,36337.71981001081,604.708169058587,0.26673699794607963,1,2,14328.398212522821,4.94739018762247,1
61,66562.5683312369,744.204441762278,0.24826876006682858,0,2,2000.0,1.4822551455543191,0
69,45488.14984186641,751.834230135265,0.34027995923733845,1,0,14097.34826537329,14.019512746164306,1
69,53222.29569243251,664.3303634840317,0.46176310679042876,1,2,28613.22510213885,9.722895878936253,0
32,91878.10688043223,775.0941599998915,0.17607474615080795,0,2,26374.964814952382,0.0,0
59,80802.90253170945,672.1906884331609,0.1970232615995447,0,0,26701.22358888075,11.332513730571968,0
22,40530.83380346866,738.4816622216615,0.2575394110435294,1,0,27116.640860743737,0.13626943823754356,0
23,73797.2766976609,558.2804314377427,0.27889075135021374,0,0,33400.84232680508,8.082675911905119,0
69,68319.51745660388,706.5073149864809,0.10813006370749823,2,1,12241.115547052086,0.0,0
57,107542.40521333652,659.6388899294799,0.49978343442981776,0,0,8021.020042723963,4.287482634813707,0
69,99578.62502180686,691.6641819466247,0.30436320903810654,0,4,23704.80245263756,11.363734030967356,1
37,26656.2818572541,688.301180424187,0.28638745709840346,2,2,9514.753104318102,11.586535546477746,1
69,86528.19172396502,689.4274866632738,0.5147165045642501,0,2,7390.846505149946,7.227101571215872,1
22,96629.93129059247,726.1775547021915,0.40613521941485753,0,3,32239.59909907136,9.149859172951425,0
22,78983.98021820828,637.6119776295516,0.25574937471999815,1,2,22503.59817075813,0.3457190967663504,1
48,56614.69640764523,722.6809444651733,0.33975294143697865,0,0,20284.931490450865,8.153333090679991,0
43,125334.8478779284,772.439366233843,0.31499154411482255,0,0,20492.739967653153,9.403882973127358,1
57,81285.23202317556,574.2394246264757,0.4938021028315132,0,1,18938.609901753345,16.278983350800555,0
52,114413.60684320569,621.4594926328006,0.2999090957979688,1,0,32172.406453265736,3.507122801274299,1
53,98786.96073683767,624.609843087411,0.14695285497701482,1,0,4853.840948042163,6.065211268112445,0
21,76603.3665055826,598.0965650411781,0.09473310718336453,0,1,4439.764187995814,6.312460446608418,0
39,50507.47721315931,644.3976672772205,0.49701936168880256,1,3,10636.184814120912,8.794334935104816,1
22,64397.37804618747,757.483888654988,0.22536623626848437,1,0,22891.616477399522,9.52204275286254,0
64,59452.18868016117,788.5690193384321,0.4004253986759972,0,2,38053.43739878488,10.243660447159462,0
46,34637.02610876825,687.9631227309876,0.3286116116858062,0,0,28690.839915052726,9.951848637251246,0
52,81257.03937399258,655.682299186385,0.27000142545460915,0,1,25924.427142240973,0.07552682995713234,0
26,104183.82504898522,740.2192976810495,0.28881830995962493,0,0,19201.330687154743,0.0,0
52,57542.412636213834,502.7023629310865,0.510005345783544,1,2,6674.700860040697,3.942494451667859,0
24,119091.41248061843,600.8616145922631,0.14623238856282503,1,0,25149.898240871644,5.858332621574441,0
31,26060.430353456657,505.87771949750635,0.27362537230928896,0,1,40259.67065835132,3.546928962852402,1
37,91359.08870968009,600.0725211983419,0.42878789128204414,0,0,17599.42344491471,4.161207427995597,0
58,106788.00588513525,622.47368548235,0.16602259898644928,0,0,14393.26635246067,4.6550022890391975,0
44,59899.235475473484,790.8261408453259,0.47807393693331013,0,0,17647.568036097065,8.309763997677479,0
25,60348.58737142798,472.9203525383008,0.42706996589043505,0,0,25997.511384924197,1.8652317798438798,1
54,91069.12939611003,648.7473049824249,0.35261548221588046,0,0,21117.301852519322,5.688688920157096,0
26,77649.77774898836,726.4674854133581,0.2596211714870879,0,0,29100.14111114721,5.71930553512384,1
42,18000.0,710.804799745182,0.15061206137792515,0,1,19665.491257501748,8.218797354033946,0
31,43915.67113651548,789.630360015117,0.4048455072960885,1,1,17589.883703542193,10.647619358851612,0
68,64661.26129881351,692.0788608947441,0.6498373921380665,0,0,22290.059799542454,12.736429592485582,0
36,30757.54550787333,708.0708635360859,0.33750710431002295,0,1,14603.478231693218,3.016036878314226,0
53,53145.64208925241,542.1119876148088,0.10087455071217191,0,0,37407.64941444638,0.0,1
29,31382.864368901646,605.8798356367394,0.3749019788152097,0,1,28231.143981166148,5.032287085058855,0
26,55745.73423616524,546.2971442413982,0.4232315565681435,0,0,9003.014125943382,0.0,0
36,56584.43181697098,722.9456080935574,0.20985770817248756,0,1,12542.408284658617,16.938307637027886,0
49,73793.86691484283,706.1517838817934,0.2425385688692725,2,0,25653.370051661044,2.5084779246278774,0
23,62706.01690001249,703.5153475462637,0.23031461255044497,0,4,21833.17545996414,8.255335062610925,1
40,77569.7430260189,613.8924793656445,0.25623633597635737,1,0,23025.117093480738,9.736264426697716,0
56,74588.60018684804,607.0287665512501,0.2993404262866345,3,0,18078.72529383858,7.362489312952013,1
39,90783.49985660776,695.7085199222313,0.21669186698077966,1,0,24551.730365254334,14.306881405236798,0
46,86844.57602400289,629.7960460421649,0.171699471037733,0,2,18313.941314962918,5.190075439536757,1
23,84203.09587836792,603.4696577125823,0.34092504628100206,2,1,25633.795434095904,2.660472970514062,1
39,142621.68571166805,641.8707971556448,0.2980805552163559,0,1,27730.28231250898,2.4535015513949663,0
40,73685.06591605821,630.4443472973519,0.267650987585982,0,3,36067.4033663816,9.000022778414728,0
52,129839.28759647155,614.995776902866,0.3299827660065817,2,3,14853.007570540398,5.2408070149397705,0
27,75305.46005609834,588.0674137431798,0.13757891533298672,0,1,19888.813681744592,2.4540440423871304,1
61,62928.727129852705,713.651732625418,0.3515843507596112,0,0,7810.185891038331,7.765220862094289,1
53,55670.87044467007,796.7037079607793,0.27011741596525246,0,2,38262.61417039093,8.836996900353252,0
60,102743.14496121072,677.0746849536009,0.34873873617353357,0,0,2000.0,7.085220745144845,0
59,106012.58482219845,696.6825602727446,0.3679578926502761,0,1,36828.69388531809,9.59838556934243,1
38,79994.59639911822,720.2283389451278,0.4557381533943413,0,1,20934.695822911413,6.352394451401254,0
60,93338.66936256764,707.4924317894842,0.3323545300386694,3,2,24184.279304866468,3.6254986512749596,1
21,33069.48835192292,616.4815753762266,0.4480062596065192,2,1,18343.309062703487,9.245600286046042,1
31,26280.504437194708,808.9884658326939,0.2813704230643892,1,1,20311.00658113292,2.4396469858866574,0
48,96158.17214493634,623.201711474153,0.2870986983962692,0,3,25880.84599744503,1.4844586112000941,0
45,61829.712552424455,728.6066273495306,0.309088619261159,0,0,3633.5253817874163,10.623798596802661,1
43,83732.56043493756,719.7643480507184,0.4128949880813855,2,0,13478.737629060972,4.608608115933631,0
51,47067.80125109805,533.1168843399022,0.39571508924274956,1,1,11549.427161913418,12.662735637779889,1
50,106424.71174261939,653.0865187315311,0.3362086255834153,0,3,24474.04783535817,9.426379146906426,1
62,26489.533202774095,684.2471338859127,0.17267175900745743,0,0,20043.661984038525,4.304645144396643,1
55,30360.372837932788,689.9863408568215,0.39356710109195914,0,0,26180.95840428808,7.944885729050669,1
27,101107.78959280862,702.6065386637575,0.2166314438260435,0,0,21647.75004181356,16.113521097787505,0
36,18000.0,736.8247154704982,0.21009231274403362,0,0,30585.88835815996,9.017092571249568,1
46,74464.2217023729,679.4363476796916,0.18338178920747808,1,3,12597.257089912462,8.32679562696976,0
68,62316.85011008558,706.5963176013458,0.31001975470375576,0,1,20581.557798502377,3.6211157054135175,1
69,46601.202019999255,676.6284059920713,0.4654069158164825,0,1,31093.634140025137,13.37821878479491,0
22,60001.503785240784,603.699975743392,0.20415673467437434,0,1,29093.26048020673,11.271750854051891,0
21,43811.91267275475,682.4301081027255,0.5214291143808906,0,2,5203.554435499123,3.6577518730931926,1
68,103556.39865121248,736.1817383189803,0.42917722669442865,0,0,9788.892110152789,13.521651421639167,0
32,110112.42720904024,763.1591286856524,0.1442477524099251,0,0,19182.09061295216,6.659004866009393,0
25,47856.56033029138,720.2986743158153,0.2740669781386015,0,0,17651.63327258723,2.6384733013198916,0
57,71888.12193671329,780.0762744461974,0.1951699679611034,1,0,19345.73271448085,3.6059251727258537,0
52,31873.08822659882,711.4148560556736,0.399794654928286,0,0,27961.903002518462,9.51080546829911,0
29,91826.30397507816,744.7909866251628,0.20142039827955088,0,0,22893.830050020715,2.665999372578003,0
61,91175.22936608286,750.304336195984,0.12546566275325846,0,0,23476.9090301923,1.5875344357883376,0
55,57618.44418230776,663.2487094337198,0.2809129067915494,1,0,26706.13568603425,4.244502070326093,1
39,65422.126460497384,734.4502574425751,0.460327288843551,0,2,30741.742051455585,4.84194710236155,0
68,62655.86376193323,609.4516326769315,0.2968980531388936,1,0,2000.0,3.306737897445752,0
36,24538.55415799311,706.2359256911648,0.3678132636028018,0,3,16133.735517619467,4.1842204242478775,0
23,103650.10369000318,723.276937000134,0.3724677317056449,1,0,11170.322127402995,9.66772493624557,0
40,45826.16902793923,758.8321340524498,0.13852692887107104,1,2,24753.161358948528,7.026009745917795,1
44,45996.26819355197,741.556947798598,0.21207510474144153,0,2,15378.960444153445,3.9374369874059805,0
53,61239.503638454175,759.8085637501035,0.3207757024637117,0,3,20758.61616915122,4.288607670878859,1
44,89888.71463405696,672.5464752405182,0.2531174019613534,0,2,28521.430764025077,5.473375294954589,1
31,50217.41962269923,654.0955133997464,0.524534546047299,2,0,13970.140612218402,5.702343168305915,1
69,18000.0,659.3825931585787,0.17260131259029318,0,0,23628.15672712219,5.719254975130344,0
28,42825.04848176165,699.9712797836472,0.21088878761205798,0,0,35538.27823160428,9.520990652199938,0
56,75603.51047697476,544.3439738268311,0.35486531113756953,1,0,28316.154598715802,6.788153617168261,0
58,119743.75719522967,779.8817727795915,0.24465279946600527,1,0,4142.226433200221,6.905830706396859,0
60,33502.000840671106,683.2905019871731,0.05,0,2,17082.53298723899,11.707141414800356,0
40,32587.455812979275,648.874881324866,0.5521617475296581,0,1,23558.163352769963,13.506605727568273,1
55,27185.1124790296,490.2712842045904,0.19108335365282156,0,1,25527.838562219295,1.0761148552080044,0
68,24081.875217516477,677.2389870366288,0.3873071267218167,0,3,17476.509617127536,0.0,1
45,95142.28650203576,665.1142613693183,0.16959305945310144,0,1,13602.111090104669,4.602375541510455,1
55,102367.2143841095,612.7215177016059,0.2164358111500412,0,1,20677.629348489685,9.132514291578591,0
45,69443.89733951006,629.521486615474,0.12524803967825143,0,2,9131.152961050557,7.503945599949722,0
49,53307.18069647858,678.0022516666128,0.23105679196843043,1,0,30997.34266044518,10.216398810847526,0
38,109778.59467156566,635.8822655309237,0.24268618190617408,0,0,38686.80973948168,4.4305446172315435,0
66,69347.70104141261,722.8908549633767,0.30409211871861236,0,3,23946.939684501238,0.0,1
38,92235.91773401086,623.8412308516988,0.2752917389148261,0,3,17675.614464708862,0.5328730748878989,1
22,52088.77645695461,691.5956322140584,0.14701762076434063,0,2,29409.009999136462,8.258936234634405,1
55,66106.09635559435,768.5034026608378,0.2571320205987288,0,0,27719.292243586737,10.247014422232876,0
36,34066.45886382384,677.2553103078086,0.49364128001297686,0,2,17244.592538945755,0.0,1
61,80731.22429733962,706.6982842969809,0.4794068654494176,1,0,19521.564306502467,11.642630133232164,0
56,69773.4437693329,701.9488540550449,0.3746824434697628,0,0,13904.656608719037,7.858530047198421,1
53,42635.9191896554,680.599767471295,0.3995719096088208,0,0,21646.8482493597,5.7183116068825175,0
24,42972.321261838464,674.9744643542367,0.5672987361362415,2,0,22989.091400452482,3.4927073685953234,1
53,105398.96258346859,637.1469333912567,0.3885497191506197,0,0,12198.673457293042,12.364644307315993,0
34,114291.7187615454,691.3259217918364,0.3973027832645061,2,0,9253.236583721031,9.58802573075627,1
41,59671.616583316965,658.75493683704,0.1322500368663749,0,0,6739.84587965934,7.963293807506587,0
68,66693.83931905407,795.9567626176031,0.18648433265142336,1,0,24165.346626120427,3.074389991186541,0
40,75002.86186620542,740.8357444332433,0.31607716195985563,0,2,19885.17430379894,12.456724907601556,0
28,68700.79395399218,571.0403078083741,0.22310693299109036,1,1,19164.25853145173,6.121404631819237,0
27,23142.55698653424,575.2131501336441,0.2002453655572194,1,0,24645.25922344333,7.196069828232482,0
23,75696.76692975964,670.2155098220476,0.21410491421213018,0,0,10990.380243116231,6.292237592710192,0
37,18000.0,650.352089192019,0.1491715229382647,0,1,9297.47264828807,2.937798141514427,1
53,46682.895218559526,666.2604561333555,0.22503386167015382,1,1,22410.819189688584,7.278883943667486,0
68,77635.67866562045,728.8371095489235,0.36073226657730784,0,0,2713.210404194433,8.78775424583361,0
32,79999.85519812093,703.6801924158018,0.5355588711781621,0,1,17410.154690657757,4.233570359465512,0
42,44748.17289476275,702.9221922843616,0.4156378619256343,0,3,44664.46372577878,6.936306643089243,1
42,53539.076495327055,788.4645999121545,0.39633865820473224,1,0,6514.625371474756,6.233997697507783,0
66,50154.08727503866,575.8331334370191,0.1251759938721913,0,0,15702.576400692766,9.660525317898653,1
50,62428.89592159825,687.7954125611675,0.3343156046026421,0,0,2000.0,4.804234914925577,0
58,64330.14133410841,636.571058903956,0.31196481160434325,0,1,17662.719417778557,6.90628385473763,0
58,81711.70323822775,787.6576839379514,0.3548889316341415,1,0,39665.3642826531,7.748677605302457,0
65,52077.57842775541,514.2986295632493,0.2767175036627049,2,0,24669.174367904005,4.713731616889728,1
28,74334.90479783888,517.5888810715248,0.5194492089217602,3,0,13862.20690879025,2.698581729281954,1
47,77675.39411217978,702.8477222261038,0.32633306195573875,0,3,41814.106452710985,3.3495755229915813,1
47,69957.23443429664,764.4722419493111,0.3380268025924247,1,1,2576.473904815899,7.636760146114313,1
54,58509.85443876314,737.9940740987788,0.08450717301837796,0,1,24539.43159757019,5.05873554689095,0
41,69516.13660688601,619.9264405011719,0.3071989181666815,0,2,20649.12787092937,5.005642165657426,1
50,83793.50683483941,792.9816291501185,0.4579111220036761,0,0,17529.753190895834,8.416590268062933,0
53,85979.62169290781,587.6398438554344,0.38666907297692427,0,2,28070.91473728845,10.077966092114586,1
48,110384.31712067265,778.0613142157508,0.06132908723082703,2,1,8180.205917246994,10.766863493379281,0
67,40249.34409234346,597.5578812231392,0.2660389912224531,0,0,23126.22633872329,3.549995367590371,0
53,53999.81522511494,653.6131870747083,0.5278279360835604,0,2,21856.583227645162,9.690982475190637,1
25,24663.28349328995,727.9452153392688,0.3019231135662171,1,2,11289.873368862867,14.339932374194607,0
68,88275.23660819637,570.0344126827877,0.3586899179253353,1,2,39499.95580417318,6.504280798521354,1
39,56637.31234108133,790.1767548155576,0.5142811144744761,0,0,18181.627366383607,5.706759226976028,0
24,70154.77455073316,653.1542126449015,0.3014463030143713,0,3,18613.49627805292,4.8729563313304,0
55,49891.53576383401,690.2957101758717,0.4149235831949484,1,3,9723.22824704258,1.744971261843995,1
69,56832.40012555437,767.1650591780564,0.36936750525900336,0,0,18366.595488836178,9.369013985619354,0
37,95579.75263566646,620.5155991124637,0.3950178636212471,0,0,43347.54606818985,5.724555023174943,1
64,82355.83526214959,759.5610264691542,0.3655058788200164,0,0,17472.88140028415,5.401160711903982,1
48,62211.94855852636,803.0400178169277,0.25428441457822565,0,4,25187.01943013643,8.749373752320661,0
50,84195.34798690992,630.8315752002816,0.26626429382927963,2,1,29505.477319935126,9.117932203488131,0
49,84747.50200094684,782.7040754447221,0.21745085835580102,0,0,18185.97688859904,3.596626925340738,0
66,55214.36208283162,547.9566054318798,0.12323490573556534,0,0,15904.096977162,3.6921427000782487,0
26,28273.01098409479,709.2200296095925,0.4693435892811971,0,0,24722.638812261728,3.5145774380561927,0
55,42520.95932494902,587.8551113222144,0.3212099560257452,0,1,17587.416311155997,14.45405721119178,1
61,31486.784915437078,750.6926411402142,0.46329922190293493,0,0,16681.549272137356,11.908583946653993,1
57,94110.86614982269,744.5342036316653,0.507844720950158,0,3,29398.898942594624,8.828161690165075,0
44,98452.88041119202,835.8034996693432,0.3264100977091453,0,1,19305.7691308695,4.498355047357423,0
49,104659.34700397542,786.5962237214375,0.16238130419712504,0,2,32132.3983826474,4.972283870727533,0
69,18000.0,667.5671601798908,0.29645742249770407,0,0,19080.73311756878,7.453749292305641,0
66,91785.02275934303,598.8689384525869,0.23946276718842543,0,0,6828.044416473096,14.836520932868451,1
51,120304.78273461713,722.4265309752043,0.08238194491340153,0,0,2000.0,7.155508636557052,0
55,92799.69284526612,675.445144221088,0.25979253140853464,0,0,2000.0,8.035302305871701,0
53,18000.0,796.3366283446778,0.31141553455225846,2,0,3340.395337357375,0.0,0
41,109207.4577099193,517.5214367438166,0.24280107250824143,0,3,22665.37930827897,7.030315709186839,0
52,66042.22592829853,844.1042569466471,0.22741458956582156,0,0,10286.673067858614,0.42455413297755484,0
43,59190.02233748821,719.8992955708852,0.16669570134404546,0,0,2000.0,4.052020331033567,1
53,76277.38241457446,619.024090870972,0.3435106578025133,3,0,18690.943115250626,6.18754368695943,1
23,38774.826935737845,735.0491920563925,0.5443123139859489,0,0,9181.719328691453,4.79159316429037,0
38,65069.55927303947,777.3066065967278,0.4734348665661377,1,4,24630.99137923965,3.4561603171999002,1
45,105510.74112760184,688.5760168477766,0.39843522655843583,0,0,24382.686472668287,3.491812374670889,1
62,80559.92176308221,547.6309711891367,0.4010490942717249,2,0,25440.862821831797,5.155806939366976,0
51,66460.0368025667,657.961472273967,0.304082822688905,1,1,2000.0,4.981166326113608,0
23,67240.20399819022,757.9546289781604,0.10345841848555518,0,0,20454.091263798815,6.081090271946866,0
60,35465.15041752996,717.2498550670531,0.2756681972647161,0,0,18785.975999319406,5.7820867286253685,1
66,61250.30271500687,668.261972687347,0.20368667752014197,0,0,7783.55720222204,11.115503829012342,0
44,24142.616609255812,778.1236873168576,0.3385636099214388,0,0,2000.0,0.0,0
52,90561.02380984527,735.4479380624223,0.46798576447265056,0,0,18913.15078862574,6.979892761001687,1
67,18000.0,741.2254366953758,0.5568091508298152,0,0,30641.16053756205,6.284038440993921,1
42,86372.50949051775,649.2023981014399,0.32775452374166386,0,2,2000.0,5.463238607363218,0
43,89485.27252085155,641.9462238690426,0.11994123953871733,0,0,11674.791270960033,3.176758299076418,0
22,97969.11539317985,552.5030209487734,0.3275211260194374,0,2,21315.35112986163,5.401166061285908,0
47,67171.47907904506,660.5456183047058,0.33078273954960585,0,2,31249.199941936313,0.0,1
62,87915.71165393823,750.1544040348596,0.40146126446314384,0,1,16876.284858186824,6.826871568801667,0
22,61006.33399086959,664.693002723831,0.31769653395190034,3,0,39310.029480307836,7.552236673683582,1
46,35332.57205780166,713.4154134896754,0.3279821928752816,0,0,2046.9346071978289,3.183726027934282,1
37,103268.30981344987,763.339951748996,0.24415270905355296,1,1,2000.0,13.762764168473659,0
60,62577.854259623135,707.9624743848974,0.28257176202693457,0,1,30177.15049723689,5.518222513006035,1
53,29762.217063170137,715.2886071320602,0.38158789121782194,0,1,2000.0,6.1762912931735645,0
29,53329.626355255445,578.1633153471835,0.07898195406277994,0,0,24615.323363006493,11.343126658200621,0
63,54316.882935795715,655.8076411923518,0.281925372120341,0,3,17054.67561506188,14.568493879472891,0
68,76542.4229531053,809.4969879872447,0.4025479961595092,1,0,10989.99397560002,1.506642344283292,0
59,123676.18708431828,687.784788582207,0.5168874729206641,0,0,15733.327915311282,3.6913500845066367,0
49,78060.46533206412,822.2553636497431,0.2721996267043716,0,0,7109.281063705612,5.589291324028408,0
62,70171.09629991313,625.7663277020789,0.4622443736988545,3,0,16816.65944583724,3.0285092414255117,1
46,126394.40498906389,697.5460589100904,0.5228028614501532,0,0,20174.193343548584,9.38445008540202,0
55,89472.33849781813,651.2991171836098,0.27375411187247867,3,2,15837.780235538634,2.588068655795331,1
45,71356.23010337321,724.3988513843415,0.25301497606018164,3,2,14150.637178187299,11.066412654186536,1
44,53014.70352954762,747.1256501045091,0.2981510635889688,0,2,22541.36995040549,8.494588997229892,0
33,72905.00190511403,725.1849571775675,0.31016578579242854,0,0,36595.7179579483,10.656172744735933,1
27,63340.239897671585,758.1389107811021,0.45089872014266236,0,1,17337.965980176043,2.6059842672865874,1
56,67285.85318897491,679.0120258608255,0.22715297845884852,0,0,28199.90505004218,4.466022336321805,0
65,97860.06061923681,665.7103724252241,0.5045678523326563,0,0,10338.230019946566,9.591942191136287,0
40,51491.94542156279,548.1355244543022,0.22390909367285383,3,0,6659.186991751267,8.866372758002324,1
21,77838.51770408785,727.8838201373424,0.1682690096458924,1,0,24533.15387314024,4.85256495618797,0
28,88723.49974593986,692.9138069180118,0.38285326538704145,0,0,17664.6545641665,5.421870142588355,1
66,48447.18707938976,674.9063946828101,0.46766725146430477,0,0,31294.973416430825,4.2626082087205805,1
36,44434.46461277248,665.6886945909241,0.3414386577215496,0,1,33254.235156937604,5.31422390209189,0
34,61241.45193547741,677.2340328992158,0.37221012775595286,0,3,28390.848424274867,2.1386378418931264,1
32,53459.26024358848,662.2822901376562,0.5545156685630374,1,0,28173.583304001837,1.4671301869533586,1
43,93808.3152185376,640.3974621077522,0.4693583337842361,0,4,2000.0,10.021722062453694,1
35,39955.79303588363,697.9691660543126,0.3237110501338999,0,2,24445.224995670287,5.178382279666712,1
48,66711.78421321676,716.3119339199715,0.2682623740181675,0,1,28628.79829465004,10.605310963522806,0
54,128651.20833511188,622.2074064210365,0.4514070639777663,1,1,7282.173978382569,8.383939206877649,0
22,75326.41334465456,649.9448323109457,0.41951406961110643,0,0,20087.725115897865,7.248042050426864,0
52,79482.25360762213,664.6533686551348,0.37022920191920994,1,2,9572.717856577636,3.159113038379534,0
43,94017.06239242812,680.3609980532589,0.2807583576807814,0,1,30275.10594800878,1.1568809040079842,1
42,53426.27336436602,670.3860897810674,0.31083324364798,1,4,10440.019349235023,4.172365125091415,1
45,37964.5092813649,729.4790899742295,0.30229765224583327,0,1,12071.378930633531,12.127669629694203,1
42,69412.78190406862,556.0724738222143,0.2827557459702446,0,2,15359.498339439846,9.555827451468666,1
42,71635.09570871343,569.3722101244912,0.2478622236084821,1,2,42494.10221900274,3.798344051341078,1
69,24544.730132170967,694.5177049440183,0.3518238363137962,0,0,30046.722700761966,4.217759077049834,1
62,74376.79786706944,634.7985614129159,0.24244216450767875,0,0,36126.03858913884,2.283642077638046,0
26,91746.26246752597,746.3181729330358,0.34128550050973616,0,0,2000.0,0.0,0
35,42176.298174399766,767.7350714441413,0.06801521213371442,1,0,7307.052538274333,6.406400053218109,0
63,75888.89620937033,697.5310382317183,0.24801509976790215,2,0,33385.79643717697,12.900309638865576,0
57,87306.59150925334,599.6018812794366,0.45179950408328573,0,2,2398.3885177332595,12.950530800435534,1
53,79666.95521325202,759.0945137170295,0.21194849294426127,0,1,13283.15829150334,8.431615839114412,0
28,82025.15596853892,694.9176996612746,0.3910522353251772,1,4,40553.41340627856,3.5893102382034945,1
64,58879.99395484247,568.4798020604662,0.22192594999603077,0,2,10365.3526969531,0.20207916374450274,1
64,36812.391556485105,575.1110263951111,0.4130942788151864,2,1,2000.0,10.188248742570847,1
25,53821.33844040218,793.7710092281484,0.2843469263361751,0,3,20474.745043763283,7.788867206228408,1
59,50348.57245323438,781.3351934945922,0.2796024074761657,3,1,2202.570258387572,4.735087306757909,1
24,62993.52384481135,491.21426434278163,0.326522177425642,1,2,32372.500729729163,4.066831590750909,1
26,92331.77263649825,578.1656828556593,0.15878876394539654,1,0,11051.412505103057,8.40174631050337,0
65,32203.99679589578,765.5641621716242,0.4366508982507753,0,0,9047.609710880797,2.6935139286114107,0
52,68606.25057043477,678.6130558705214,0.47641201298188846,0,0,20293.823526640015,6.9569286676001685,0
50,38414.95886205368,732.638696411907,0.2767962203606051,0,1,15955.621475245438,1.1207130129566263,0
67,46498.827054430716,675.3535440426427,0.3829045005081856,0,1,22523.4919368082,14.914046345752912,0
55,78968.51881529605,729.0869367553403,0.4134692816254469,0,0,25215.044494027003,3.25181045756682,1
60,35251.37366585752,680.4375159999075,0.3090490937202046,0,0,17827.122565231057,8.593595825097864,0
36,83356.10724257446,647.1793807432275,0.1870103416738562,2,3,8385.513900139686,1.2079134146601866,1
33,31195.888834381876,759.4057872436107,0.5112898558342214,0,1,27305.082850647646,5.346987363602466,1
62,81674.510085954,695.1540962019235,0.2728973954085442,0,0,13065.901818976718,9.538474227053683,1
50,26261.7182605372,728.9291537182675,0.24690382769434283,0,1,11309.110254942983,10.403821522496035,1
39,49554.68301858461,691.8085943720575,0.5166550317600711,0,2,21426.60615156051,9.05315305241167,1
37,112412.35957823903,643.523232983764,0.39320705210674445,0,3,2000.0,5.447022682707758,0
39,107713.65924417216,800.6291983517895,0.3508916091269616,0,0,23908.76033147053,3.3361960155778916,0
48,54686.88368707137,706.6226191068249,0.20350872039169393,1,0,21957.62003884189,1.6892915259234433,0
46,74749.01465074753,653.3713516720886,0.41633648698558645,0,0,31218.196402730195,12.015194351084503,0
57,95101.7004721221,775.8747102739037,0.6675822326623695,0,0,14996.078604156066,6.413484959954503,1
46,82032.40436051178,580.9382169590782,0.42566091966542474,0,2,33248.31532022267,7.152956908354262,1
43,58163.393838629396,847.7212738096989,0.3795306195551078,1,0,25296.429005018756,10.661479415064434,0
29,46284.117149091675,666.5637681752429,0.40653113557833154,0,3,19732.108255567608,8.346925134220145,0
32,86702.57857394824,584.8989344462468,0.2806261600197749,1,0,38166.95925506037,5.490330987609469,0
21,93267.58271536253,822.9456011343174,0.2794819124488222,0,4,20952.127308467836,8.977613793522053,0
21,107892.5458598597,645.2624290195406,0.277946541891654,1,0,14816.32672372349,3.509814605953118,0
67,22818.764413673227,698.243342739172,0.25100600535357476,0,2,21238.39993071491,0.0,0
54,33671.88029497369,733.8268056079597,0.2777066161068779,0,3,14610.30832886017,11.647368968071397,1
52,94048.09005367702,768.8129395745109,0.27714713693012977,0,3,23736.46680594694,3.8431860810648844,0
68,26211.73633124558,702.4830922791174,0.29063785893990424,0,0,33206.872819975055,4.782840149130594,1
45,95963.74887279831,631.4513443752472,0.287278636210388,0,0,19919.95967510741,5.135666299495242,0
60,59626.687350365195,696.4244392500494,0.3491614228411641,1,1,20901.39660073328,3.591178561129558,1
65,51977.15451658289,648.5513341001209,0.32945516218494153,0,0,27978.311945292873,10.405335446034396,0
21,70135.71490678673,698.6758757273393,0.3400834944214044,2,0,31872.400241081305,7.497824774167844,1
36,31365.788694112533,802.1112159317644,0.502675707601338,1,0,15473.647347841761,4.784852400810134,0
59,85600.37076495879,736.6943893732846,0.3292081086459814,0,1,21723.3600620363,0.8973244758602226,0
25,107240.92494236742,695.4984828573754,0.5853069191360938,1,1,28022.623074467494,7.215191261443017,0
42,86764.40539535604,735.3868124454755,0.3623227447787134,0,0,23299.52256077038,0.0,0
49,58837.28268614648,740.7560488931889,0.2663288490940595,0,0,2000.0,6.930984114277784,0
23,26549.107305863974,599.1594422773456,0.4819499886856399,3,0,29827.269599114217,11.372721779421592,1
32,27510.313594926673,683.1292033411773,0.31045672787501616,0,1,25228.813147137356,6.258233638196216,1
46,31758.91744401731,850.0,0.05,0,0,25939.48740206807,10.82530921490412,0
36,64693.043072192064,770.9615738773899,0.31951962297977793,0,0,8078.492723466392,1.0832897110489847,0
57,67835.00158181512,642.24233306291,0.29009889944672507,0,3,21523.899347021725,14.154165581155304,0
42,86711.08776852489,634.7594077911784,0.5127856863546002,3,4,28433.452334046284,10.389141754166728,1
49,20099.275337923107,632.2605707618299,0.212291997799956,0,4,11194.193950967976,7.903863448712894,1
34,97780.25575981,744.9739962696543,0.28008142183060736,0,2,13794.554501556166,3.606422180438944,0
48,82360.15797363428,800.5730690837163,0.47211672512725505,0,0,28604.79121067596,2.941911586021802,0
25,56829.09267344663,723.6625283360044,0.36732902392690164,0,1,13328.973752293383,5.716370286418484,1
67,35255.96145669749,691.7871762401613,0.29942518100322396,0,0,17914.9112245446,10.811112917302257,0
69,96228.51604227797,646.6883481775421,0.22922172002323593,0,1,9653.81340892755,0.7379166765132945,0
50,57497.6509690654,704.7029859187645,0.3622094872250037,0,0,38199.38567319166,6.041642039766792,1
66,64499.52751638928,618.4908709927843,0.31648386281380775,0,1,25206.22765168559,8.936881086655136,1
25,74590.2992696983,534.8175839591571,0.22786048817513632,2,1,17446.050232938334,9.717395269070213,0
32,42170.02735545972,802.7619267584337,0.2340984150406562,0,0,15576.248094677969,8.924946004246797,1
36,57945.48552436878,604.5640497228418,0.22226334626659017,1,2,7716.353768526134,0.32962589652515106,0
46,86632.92255050951,655.6375719748011,0.20089332634833446,1,0,18898.999087719243,10.527111538083808,0
46,84102.40196240688,729.2268087971968,0.4320840511966803,1,0,26650.580811900465,6.268774624382789,1
68,84327.68016738094,787.585015200954,0.4159272030344526,2,0,11901.859027232662,1.6576193761081983,1
41,36120.50622148921,699.2847989313966,0.43228093476629514,0,0,21055.411212963823,5.903327170638454,0
59,59085.49123177148,590.4716759254379,0.32053994585222295,0,0,16326.182253509794,0.0,1
56,55090.15412380488,657.3990162731336,0.29088454546398124,0,3,33801.15929575499,8.313192092041074,0
53,75629.47105686754,629.1135946231191,0.2930741468130396,0,0,13633.012360244691,5.489162133847799,0
50,73391.44974122244,677.134172939651,0.442532188748733,1,0,27771.558744368303,0.9195373750166773,0
57,68885.68326857341,772.3988353452227,0.10158226136050055,0,0,33940.22595943367,4.8396935746297824,0
43,126643.34888549823,489.6958552947587,0.25826166759710933,1,1,16228.693962224312,3.1701391238260936,1
30,57729.847996399054,649.1457627479382,0.2135185246994699,0,2,14114.22552349756,3.4256647242031666,0
25,54804.42284828639,643.6962772709736,0.48318650559060894,2,1,29227.023185246268,0.0,1
56,36081.258241598596,585.742899132827,0.2627050971863458,0,1,2187.760855981578,0.0,0
54,26553.81685177824,723.9118057812212,0.12368133974722711,0,3,24305.94639102652,5.081204034571675,1
51,34492.06556960562,573.8768096092964,0.34681083706961474,0,2,4246.782071625179,4.392997619954558,0
30,47032.951863918,582.5079290527756,0.2755862966127303,1,1,32224.116651663295,9.895912647254908,1
39,97751.82736094632,743.8301910515461,0.25316854307780456,0,0,17479.036555416653,3.4728680853180856,0
52,65979.09760904647,792.5428526722002,0.2407961651929007,2,1,19092.2190925773,3.892074721394922,0
21,69833.26667381833,674.2927423541031,0.23606182650070318,2,1,12757.507906423201,4.07904033669344,0
25,62593.16729494758,588.695291075805,0.40502723778279737,1,1,4172.927367277876,5.211881096803621,1
65,74132.52482554472,627.0834431166313,0.34685448398694124,0,2,32658.6043763205,6.365856268095869,0
24,100051.80368044609,755.6001460433783,0.2962441093243365,1,1,18289.42491640707,4.374689556674962,1
36,18000.0,688.7328680497545,0.18821133477843965,1,2,52087.68606708029,8.284885949838301,0
44,95458.43288963451,672.4220917338558,0.2997328011934495,0,0,11898.181969404319,15.20088389451437,1
36,18000.0,703.478728243486,0.35127534291200313,0,0,13533.05873417401,2.6982244206230606,1
22,65705.0677880482,677.1755042355919,0.3558385337911389,0,0,11027.558853300272,7.567320040691183,1
69,119797.68386861039,795.9284223244413,0.3393061259590123,0,3,18238.394407953132,6.118104985125293,0
48,82016.4484882886,623.8142551479799,0.20928887998069662,0,2,35752.17907784427,10.188138129787006,0
52,74326.47338301591,615.2030662373589,0.05,3,1,30101.373367736844,6.811999611623195,0
47,115048.64917007434,576.2409861448508,0.535954251206232,0,1,4954.461664154007,3.0941952384985676,0
40,47423.4275499714,639.5009273205733,0.16284357510697625,0,1,32041.200757971856,1.3397850105933031,0
44,75849.18556162619,598.1018394000384,0.08420504495996742,3,3,26827.912861211276,8.44195841636878,1
32,79452.92743684733,696.3556631489542,0.3356618735604915,0,2,24813.87826651823,1.6647920189191279,0
55,51939.94664432436,681.5710524143858,0.11497777961231351,1,1,13157.591665595715,10.734961944672403,0
53,54147.245512600486,599.0693374949018,0.22342415017101377,0,1,13900.897013725846,8.212770750896755,1
53,51405.51416941651,724.1854519270979,0.3858620510970594,0,0,21370.67233225601,6.346836600580407,1
63,67182.8743502141,793.7609650347406,0.5327224722168855,0,1,14468.37337971723,0.750979868962105,1
57,78667.29014428283,706.8378761503268,0.36650141699268524,0,0,33126.31984089134,8.701292572450953,1
32,68080.75682286656,489.2376362783395,0.2673008874947744,0,0,14040.44323874341,12.46706429925483,0
23,82736.54543574639,829.0348228002579,0.31382965347117897,1,2,2000.0,4.299620767725825,1
21,18000.0,736.0192601803294,0.1029696851390117,0,1,6985.430566371191,3.0323706506910777,0
53,59543.72090642908,826.7313689891338,0.265909746900182,2,4,7620.366271751343,5.631896830687095,1
60,39414.51724123384,761.8042689612375,0.2660262075287667,0,0,17366.519263766728,7.867769087727524,0
30,72543.06281707245,776.7886564152919,0.3383994394564616,0,0,22160.660335693243,3.8751231480010846,0
63,72172.93571680808,695.3950170200814,0.5530627535232525,0,0,20538.004366752913,9.596792583960031,0
64,62109.44712606362,660.3277990857625,0.08758456535213133,0,0,24609.089976920208,13.642871897081458,0
49,77756.97526330178,708.011089079912,0.2710786866110616,1,0,17477.199759493193,7.3209835340717335,0
33,89945.31795660069,626.8411189815096,0.0999788547209785,3,0,17830.930052593634,4.700055587926696,1
32,63486.986942342286,712.5410638175174,0.25959630880993906,1,0,37518.5997430202,7.76001509939565,1
51,38707.62779750745,482.9910306986967,0.2162477430658408,0,0,32053.57571260877,10.709198252004423,1
66,25468.560727012977,683.2199183910809,0.14067844309983202,0,0,24083.004819045644,6.638546514208066,0
22,65902.75438325321,780.8507090076599,0.4295710436635735,0,1,29166.70475677227,7.940380124412805,0
55,71046.66753783853,687.0731434196724,0.35067772446205153,1,0,2000.0,8.81906475496917,0
43,40761.90276200052,809.5612053523241,0.4155026755584855,0,1,11774.61381084559,2.4982165765836135,0
37,83144.17057907581,660.2190959113547,0.25620154103990067,0,2,15677.964859945296,7.836485365638435,0
46,53526.077854385665,755.1988184740871,0.3115140229063901,0,0,11892.340379809959,0.6322047832968032,0
28,23589.178370721238,614.1297444744976,0.5113568769459578,0,3,4542.626911914724,3.3662754476115997,1
49,96410.90855862973,752.1467464666534,0.3196735765869065,0,1,24205.438025657902,10.582649605145178,0
46,93599.69798005407,697.4446181170862,0.416954785899133,0,1,33857.477592846204,9.484140941243064,1
30,18000.0,663.5187128117954,0.24590524367399252,1,0,19871.902770006436,4.919279959070363,0
46,50934.99295865769,486.9588413701685,0.4059220812037112,2,2,26481.820456339865,12.823173733782925,1
54,49960.40796464309,660.9217418145838,0.25412967682336385,0,2,19574.66046012436,0.7592396783996298,0
61,105987.21648543756,696.0089764459858,0.09242931487283931,0,0,15583.611903232606,5.179649228172265,0
27,62517.68224895859,742.1532076414937,0.319090053449475,0,0,29191.96559017723,7.1004171572497174,0
24,27603.045048614556,797.0712349324301,0.26356362288752455,3,0,5718.090591924258,0.0,0
65,87052.61955602196,832.6274526024433,0.12502623687232856,3,1,2000.0,5.369349702095617,1
31,34230.61135584798,773.4700507342238,0.34297914220078085,2,0,5577.001780895787,1.5020070670867511,0
49,58491.48773195597,637.8432256021854,0.21277682180560142,1,1,28535.879782760883,1.593051748539545,0
56,45755.77805297808,657.1396932861696,0.6911169534155219,0,0,20872.11106886087,4.911080462520568,1
45,50988.622543001504,735.4186603282762,0.14426693199035992,1,2,23765.379792467866,0.0,0
41,88431.45223909848,718.9710844885851,0.17444900690598325,0,0,36769.22993457549,2.7681608657618297,1
56,103033.25403330414,802.1259469543521,0.4243461327977349,0,0,8366.603254488487,0.0,0
30,33140.78134051554,850.0,0.30403737432318934,1,1,32041.70369163868,6.495148187113214,0
57,80651.91063769543,850.0,0.42190427711146616,0,0,16036.75585851371,6.417388927204726,0
29,46681.1592577501,792.0453649848758,0.3656469264677481,0,0,14516.391247532614,4.605808114162463,0
44,47458.202249398106,719.5926986707173,0.2501231446482582,0,0,20812.203772516037,9.985780655440003,1
55,77265.90553556787,781.1993797209383,0.15450891283044418,0,1,22377.362556798616,4.815349659623739,0
69,39302.430857157626,804.6080760296297,0.44852996968736386,2,3,17894.5786042676,5.907677977050888,1
55,76765.06501937611,668.9524702058736,0.16538597772928407,0,2,26103.14301061632,2.375996987677543,0
68,83252.83391274337,640.050427061843,0.38706871533969933,0,0,20852.43076811077,0.0,0
56,54186.69345752454,622.4434249946244,0.4302798508708218,0,0,18006.6838324754,5.418641149426309,0
38,98176.95255034167,614.2711449916022,0.3047698635164047,0,1,15837.15864220219,4.896206958582951,1
69,33179.38469846232,576.3503508055107,0.28350229571746366,0,1,22383.464657176493,12.83963472563083,1
59,98635.15476529181,698.7426281838295,0.20195286744067759,0,0,6433.421725538947,8.669784095932876,0
52,18000.0,605.0185399183902,0.3755291260045162,0,0,9255.36170020012,4.347515522094795,1
44,132492.85351048774,621.2358361898463,0.05,1,0,16325.499308038186,6.566652098957103,0
43,54844.94403445419,732.5941669382545,0.40588716068681724,3,2,25448.75059689589,9.628071854678616,0
52,35942.32109030956,693.6206799690133,0.3343371609170857,0,0,41428.50123724857,8.067020107959465,0
57,59183.20228700004,712.2218705475256,0.29326211603363816,0,2,18406.743641163972,12.675623337323135,1
32,38838.05143438929,782.3861571419061,0.3490762729596617,0,0,2257.6870866423706,2.84241432311913,0
69,74674.13247136355,744.8397431405597,0.15517323296814456,2,0,12097.524903677007,9.900136827815004,1
33,99191.43328675369,793.9164936089497,0.05,0,0,26588.918495922302,4.308510658663582,0
43,40163.594348583065,685.9982371083553,0.3762290083944754,1,0,10297.178910510524,6.774465979067948,0
45,79484.98097935009,800.8842943484296,0.47798554066216276,1,0,6942.547421215559,3.7692920209073124,0
55,26681.615777606014,706.9802573268095,0.11127176336759156,2,0,26536.689016140786,5.431967307945092,1
61,90823.86833071531,692.6529695821403,0.19370239076043047,2,0,24648.80060892913,6.846248241115821,0
50,75405.90917318988,789.6144654707377,0.4102789871632924,0,0,5274.592572432035,8.373014257111238,0
37,91904.58303325801,614.5884740605029,0.3630667711936223,0,0,11050.066545443191,6.245428565509297,1
69,61941.327433972365,831.7700425656857,0.675573014756805,3,3,32446.70176817495,0.0,1
40,54121.08505363121,658.8424984972036,0.4490788962591078,0,1,28528.44270094341,5.692204966801755,1
68,85402.93590143332,588.6419021338008,0.42025093662716584,0,1,8026.284841988223,11.881603049280608,0
45,32298.786961039536,729.0126464041897,0.22834535600061412,0,0,2000.0,5.660512814122488,0
42,21429.391706660623,651.7008867411305,0.3829766955668819,0,0,22685.179158608713,11.993927360506856,1
33,64875.95039899905,831.9355318933438,0.4994496394970444,2,0,17039.320047612702,5.51921302293218,0
39,55260.08482853019,647.532438591114,0.30027310819125136,0,1,21817.418967270714,0.0,1
69,78845.83329453865,703.5836688013972,0.30593425115154416,0,0,26346.619438439382,4.268180615740964,0
56,92288.78560784992,573.0805013391423,0.33696242319283193,3,0,10437.30582603978,3.766265258332058,1
32,78325.35197877848,740.9685683673104,0.24026015822333183,1,2,15678.544734141013,5.081867750660711,0
61,90297.58279566863,621.6957443105822,0.3522756216947977,0,0,11009.41476294201,1.2587262303909679,0
39,73026.3083333041,731.9993517749451,0.34927665659308177,0,0,11367.649670195096,5.964714132387384,0
32,77364.89370802746,647.8741070220603,0.4975983695816788,0,0,25647.591933244297,4.686960637332648,1
29,62083.56975419323,526.47989849579,0.2972729068987156,0,1,21440.685813444154,11.151447429514366,1
27,76626.13652537955,689.8392567757912,0.40096742552762077,0,2,4370.582298892634,1.159051512353301,1
48,69166.32071408784,686.4821387808827,0.3008521661609539,0,0,27251.036419165124,6.982674746538592,0
34,73129.4199132266,746.080368021696,0.39677113301386935,1,0,16499.299254218004,7.6441124904697695,1
51,60831.89917282903,796.7000428879403,0.2899929853049723,0,1,27711.65406827922,9.09992355603046,0
39,85223.23001178245,823.4307057437599,0.3888167584334248,0,0,9852.619540537624,4.545648492726285,0
67,47238.68625412621,744.8115660103165,0.4073882994906138,0,1,10743.119813023693,6.883203978370146,1
36,64541.27447739734,700.8964394049439,0.19200126403306292,0,1,22517.12298106668,7.413112501785129,0
25,97794.59750518939,572.9499807863401,0.4522850504804721,1,0,9035.39911830325,0.0,1
55,41281.95442697187,695.1515702742505,0.30002271356623744,0,0,17251.188292582337,4.689197634178138,1
32,18000.0,696.12051274542,0.2636243966448621,0,1,7899.265376407258,5.869339744532042,1
45,74161.4291574493,665.1019805257979,0.2347990265995974,0,0,16086.302669283497,6.338312880469825,0
41,58576.137741162514,727.4725737950606,0.35578403337178893,3,0,19681.457681951022,6.289355969181894,1
56,90271.55600929598,764.14292832366,0.31944539733157734,0,2,20152.579349007585,7.75008516923186,0
43,61737.12300257516,618.6197052103487,0.36449686226500233,0,0,16352.52728733651,13.75041970797665,1
36,49891.52321091721,617.45117343504,0.3668264941182175,0,0,23333.50300318138,3.618285705020055,0
59,63104.565104544665,669.5530991167528,0.3930301574420214,1,0,21477.99045512038,7.524687090212964,0
65,92326.71466533028,633.8578106969057,0.653154093938367,0,1,19106.333362631965,11.205212743997512,1
62,79384.24067980939,556.9060098230103,0.3247630108798221,0,0,13741.494672888959,0.0,0
59,18000.0,605.2555447757786,0.23185119361129122,0,3,30682.43749578509,7.072524319056441,1
34,69644.18730216929,587.575913972192,0.07762240011941196,0,1,23862.872082325943,0.0,1
51,70894.05331003512,770.6337881013615,0.17656198421712965,1,0,9638.911361080045,14.742310961850142,0
25,64543.750869987016,807.7120254506958,0.46824183809034925,1,0,26488.838756904926,8.088202937191525,1
55,49727.752710785266,597.8424907029059,0.4063909408127728,0,0,28754.93636952676,7.54836263121744,0
43,94863.29686266111,720.9555134852833,0.15800167441820076,0,1,19184.352407078226,0.0,0
49,96100.84870337154,745.5137318352313,0.6157054929199064,0,2,19849.12673925394,3.9820327221752287,1
63,18000.0,568.0798410005102,0.35921173731938105,0,1,2000.0,4.000815765700909,1
31,45051.0130564639,692.073421038425,0.3752380063856407,0,0,11565.589233432755,13.065822215675155,0
38,61381.733717857,850.0,0.5893070215923297,0,1,28436.94416352654,8.916804947423064,0
67,88712.70509291675,730.7860149768223,0.5287346864993856,0,0,12173.768017974598,0.0,0
32,65871.32190979416,661.6024594000602,0.41373649709985927,0,2,18401.580778186246,7.878009009407867,0
29,47910.15499587692,637.9860106086343,0.41950567289915064,3,1,11413.798699342335,0.0,1
30,82738.33943268437,528.3153811459329,0.430734211540504,1,0,22308.155848317303,0.0,1
64,59716.597861225186,715.2855242087549,0.2910839441945581,2,0,23937.425551428918,7.813688334774306,1
37,62064.978521126,826.0862590440736,0.3544151477053037,0,2,24204.74661735183,8.979076523945766,0
58,64321.039164898095,618.9842184201559,0.3889184592889655,3,2,8606.39040393299,7.835014360128947,1
27,79357.7110209621,534.8311490362204,0.3047860886745906,0,0,21067.021068365535,13.518330328325266,0
66,57286.259958155315,630.1831863985082,0.20414965883413366,0,0,35765.6976132189,7.475010145310846,0
33,82173.66231618055,746.1199809483657,0.28806435184295986,1,1,27484.887384846614,6.68037683509228,1
60,63173.27578982318,647.8624996383436,0.20144808705128953,0,0,20933.31236091089,1.1359622466329986,0
62,38324.5853395531,618.4648930315184,0.32772470850466767,0,0,2000.0,9.430454714610995,0
29,64080.592357613794,681.4366186293395,0.10634514175921844,0,0,17506.435218902054,0.0,0
47,39619.66492136962,697.2275560375891,0.3609246212609057,0,0,36463.655806476105,14.081476295271665,1
22,66024.66974439855,575.870739442123,0.12424706053182025,0,1,33186.06836013099,9.483191769039518,0
25,85736.84823078665,663.7037227297383,0.2715832328008394,0,4,24614.18324786462,17.159189413177582,0
49,38159.274849947134,642.7049289558246,0.38049212893770146,1,1,12806.695879052117,7.557312434298423,1
57,74106.83514511096,631.9321738063938,0.4149376053815036,0,0,20522.789824454507,9.680664244362676,0
58,44274.0635411698,603.7222497956413,0.4006831050660202,0,1,27734.808333855257,4.891315560069313,1
39,70042.51399791367,750.5943391096098,0.3583680697368657,0,0,29405.39193629264,5.826881648447466,0
28,86505.10605051211,631.6709803401479,0.185687202170301,0,0,23126.203056458293,1.7938643647067778,1
68,18000.0,530.3791035640036,0.43767300258401093,3,3,28550.396827176497,0.20916540572932263,1
65,37138.10432821636,699.8223366481575,0.18843183625938667,0,0,19413.074203371605,6.757991227653281,1
21,55775.51387225195,734.3899604504888,0.45134909845451904,0,4,18970.933369093345,5.803269975304674,1
42,72876.01222954039,620.2987951088091,0.39532457089780465,0,0,15410.849782279976,1.6961051356060333,1
37,60840.416766041904,638.0252982662025,0.48306818176874455,1,1,24245.368323683317,2.4050730307134125,1
27,63852.98045047703,631.3209709678721,0.32298421808195565,1,0,30003.40272233822,6.129879962831904,0
45,116074.61313378141,654.0009978927417,0.22174830713467752,0,0,27084.438707354857,1.6275130008736687,1
65,34688.56802876931,763.0137636642366,0.16488169710089,0,0,7819.635186478903,7.426580317900563,0
24,93387.12540906925,671.4455620720732,0.17821047985124888,0,2,8355.256848271236,1.7516433315190385,0
56,56250.54682113958,742.9695159250404,0.12358703016715847,0,2,31036.398835124644,7.023417919704594,0
26,78736.86981246836,607.3376276339935,0.4330403500323878,0,2,21765.728137844424,1.3971515517595456,1
51,118223.66389364,651.2232185314261,0.44809003436388795,1,1,22156.48151476659,1.413937692699041,0
39,82216.95059213565,751.551036188548,0.3864439910308218,0,2,21931.14633690025,0.0,0
64,74312.39274475,619.5795951180305,0.31603509055120654,1,0,37516.395015735645,5.358884040063559,0
59,104978.0583787344,755.9102345681398,0.5673151323755015,0,0,15537.151818440809,11.816259069213963,0
47,93119.96611482979,632.8711931753646,0.30822218204431906,0,1,31166.341356761426,11.589323255665064,1
30,45015.14809596411,655.8753113706185,0.3465100169772672,0,1,22336.07024320167,7.296270013843655,0
46,72363.11856134639,805.2621940511693,0.3142578184005057,0,1,3994.8702073494733,0.0,1
39,22062.606646481014,647.3135767125326,0.27940303202438627,0,0,11751.477199873822,9.375500772935698,0
59,51496.16529064372,690.9009352062976,0.39571693877973174,0,0,13929.694163040549,6.902665094083789,1
23,72851.32418999649,726.2327316891302,0.24398039729545726,0,3,30931.08014466117,4.373987361234642,1
65,49947.36618046853,696.9881487254008,0.2359306608182432,0,1,32272.97806792577,10.829464511654644,1
33,71834.16864929811,699.1290011667182,0.4017763262491225,0,0,23538.538507783396,8.461778747234057,0
48,64665.38460867402,675.7595192013699,0.2602869960125193,0,2,14772.267203187042,13.846196171143555,0
40,78410.41830987607,582.3320593237758,0.3360178433690215,0,3,10890.188839497625,0.3774446642078626,1
48,54395.02444929723,706.1216997574819,0.2790406256283768,0,0,31375.810186616007,0.6902787710613998,1
28,41496.27713908217,625.064865724126,0.31861384421280226,0,2,7154.475910839425,1.3640821970701653,1
61,101953.17065433152,738.1825413052383,0.23920530578400515,0,3,18961.097157523836,4.859913957235023,0
59,52607.58143275139,782.9046067962264,0.2431293496701088,1,3,43644.71210320007,12.35268901918564,0
21,81500.26482792795,544.5832053937238,0.22163214538276588,1,3,14802.128119623467,3.505629898584915,1
23,100881.17566181341,783.0355870570328,0.4211996131833742,0,1,7283.017703208865,3.5911832777670645,0
33,69066.7499749383,649.1706656099717,0.34062618011015955,0,0,2345.4197470182153,7.669167734058488,0
48,43592.33576392126,670.1788083361646,0.43022609885523977,0,0,44040.044228306986,9.372621791178018,0
69,60534.750636316385,611.5709410615708,0.4430463877452754,2,0,23486.270994555463,0.0,1
45,90438.52291516883,694.1350796799708,0.2648102807437192,0,0,11309.243913985545,10.158859504754336,0
53,70156.18864344657,685.0111162383054,0.42579019812662766,0,0,18108.633808515828,3.379134776260116,1
58,34871.455194893075,760.7692118969637,0.31830551336798807,1,0,13370.441822403514,5.590301144159491,0
26,79916.09583834281,624.3955042527307,0.3009591793424898,0,0,2000.0,11.67305653095015,0
64,84238.28672627496,804.5601801453431,0.47028405159929304,0,0,27881.174334537867,5.1342256028221085,0
65,56117.20284705166,729.8535564731667,0.3864522155378518,0,2,20338.12822394808,0.0,0
52,80256.10939011865,686.8226732581556,0.2777090893923527,0,0,27049.837787179393,0.10437879627621882,0
65,71125.46488651168,666.4411727078382,0.3786551978631978,1,1,20065.50486825844,5.88355247548256,0
67,60064.26153394902,657.0072914649612,0.1681144817396493,1,1,21312.452357985505,4.662541059340984,0
41,32661.60641015841,661.8992169195121,0.349677557736754,0,0,2000.0,6.237892696678137,0
36,91948.84737764395,692.6301467701605,0.140049013897018,0,3,29078.477520073284,4.3948880758814495,0
41,83980.27499799583,664.3250029479701,0.20187204489581806,0,1,9116.902476367311,10.965707401139486,0
31,79597.1573593828,631.9602907619385,0.3901567637922943,0,0,11679.164230855327,6.099068959260279,0
57,103613.15009195234,693.0844471127526,0.05,0,0,14721.276954959838,0.0,0
56,88629.84317533985,617.2783910955959,0.5363014230889707,0,0,2000.0,9.266131967453632,0
55,82164.15015378906,704.185017575131,0.42013912648455215,0,0,14174.434921366515,13.625083776640714,1
39,18000.0,663.2699723389444,0.09937602530123144,0,0,13478.158882632708,6.61972392475278,0
40,94922.3737950604,732.2548181923883,0.6078198328031876,0,1,16221.66531067328,6.9302014537613,1
38,67077.01285705128,754.1805658021608,0.640892467098322,0,2,2988.204827596208,2.8804599517491662,1
67,72812.29200642847,754.1510420258554,0.2983410009212314,0,1,29277.088835613056,5.030197042171607,0
61,72983.32974233464,703.8578792039469,0.20882131223597078,0,0,23980.565781955727,8.011480037973003,0
69,84345.81859105699,712.6123415575133,0.5223564289043436,0,0,11359.598046409641,10.5271602639157,0
34,93054.37572004212,655.7936730411174,0.27874518350716887,0,0,14184.535877128495,7.784001115721619,0
35,80856.02857648056,730.822976636251,0.3393247409375425,0,0,28381.48328773099,13.2721635141559,0
51,76882.13973299728,739.2876020496292,0.4660747680707321,0,0,17425.249688797805,6.39388125620434,1
21,70787.81848238928,562.4503134856604,0.3015786243448164,0,2,7594.6417079626335,1.5132179859258779,0
23,18000.0,708.3760396705447,0.29107348996199983,0,0,19164.081299151247,1.6277784368448884,0
36,57810.22451374529,782.609735578165,0.1673126027353738,0,2,9121.569682084366,10.937646927510809,1
43,41460.26206623386,653.2782279046412,0.24433482851143815,1,0,12921.268258775272,10.028407898484394,0
31,95268.48847347713,636.9089767899591,0.28870761844927184,0,4,19493.7590097741,0.0,0
32,80475.92995715734,648.510240418526,0.17137241731583996,0,1,30552.11464905659,5.161967238256412,0
30,53546.575319656644,567.1343005378155,0.18224770181487468,0,1,40233.247442300824,5.307224765509951,1
52,56057.070443268894,689.4487965836682,0.32403215799727875,0,0,33626.15621382305,2.9938685668085614,0
36,55150.46591743947,682.2474080072939,0.09803550251936477,0,2,19281.437611976024,0.3585077822058427,0
28,54704.346142027,694.7770124657976,0.2145004381254402,0,2,42573.49801192177,2.9055833376068825,0
58,28886.06391188007,711.1982465913352,0.5533512792316426,0,1,25582.69344368288,2.1866057547401736,1
32,23468.01266805581,620.1504948363893,0.27854376234319134,0,1,10203.114606862677,0.4541261431075041,0
44,65726.1693095436,700.4899399266533,0.2635131910155379,0,1,20945.49852322857,9.316261280663092,0
48,91882.85348398387,713.2398994936798,0.2780064998582192,0,0,13430.833531241236,7.1317862829696335,1
28,51557.75756430343,643.3706201887226,0.2799017142254801,1,1,7520.940736721153,4.143509354352188,1
48,72586.11877310113,711.508849868898,0.38898426438060607,0,2,8257.762225417902,0.0,0
56,83356.52292941813,686.0529969790056,0.3805839383813361,2,0,18527.658218255576,4.803695562660719,1
46,40165.544860403585,632.6607672917464,0.27310899043225756,1,0,27542.059906134076,8.084222498322223,0
28,64500.614282002425,701.2091522362757,0.2943395092234469,0,0,30682.032557959014,3.055824084924121,1
48,48336.987968162124,658.1966942485085,0.4775327741588071,0,1,7552.820833086191,1.4001368775475544,0
48,105152.98729578234,732.279895551079,0.13876342946357,0,0,16967.41317578913,5.507911930797299,0
57,104061.48767155287,662.0625214948221,0.31309015801415346,1,0,24865.906797350566,7.340275312345801,1
61,40191.42900312874,583.2675813676206,0.3362295848421478,1,0,21518.5859575161,0.0,1
56,74647.10957710815,700.0240239145738,0.22679805678810616,0,2,26945.463670468955,11.416036551546206,1
47,91689.98252031226,697.2052435873576,0.3061836075810443,1,0,15653.062952191427,1.0034917710527536,1
37,86208.23750940825,598.9147165401754,0.210598824703774,0,1,32729.152351051627,4.308869117411526,0
29,67039.07587460915,736.2902086576479,0.3964602884841804,0,0,19957.57978190961,10.725084128809797,0
53,97663.9365441087,732.3665627101609,0.1594152013394745,2,2,27577.24135721207,6.501436222471566,1
40,42387.13277526418,614.7514855643818,0.44748003949040716,1,3,16192.262853928973,10.384365736639769,1
33,57422.67639013269,630.5280274205066,0.3112033811492531,0,0,20583.909435385078,12.214715841782773,1
48,43058.939506010625,669.3494290227854,0.2662359368679547,1,0,4039.7414857152453,0.16129585936926105,1
68,84562.33736751555,623.0860901721771,0.1994363480414872,2,2,11632.447299580292,9.608175621531457,1
49,50434.07814251371,728.0297888683758,0.4436789355184958,1,0,17925.36311467079,11.30194741673925,0
33,60718.770614072855,691.1728961995408,0.2417765439159249,1,0,21000.615432670318,4.496777808692864,1
66,80441.75920664372,597.9832140583824,0.17993017286066204,1,2,46812.01551181571,4.8151438937991005,0
55,82456.2478444454,618.3146815363033,0.4461755982809743,0,4,16181.000071737872,0.0,1
26,42321.84134361873,769.0789382874801,0.211483302380641,1,1,6233.597679992752,9.124317806998935,0
38,91416.38209431981,795.1671783436561,0.30866212230266155,0,0,37024.847194549235,0.0,0
25,76392.24171668128,720.4046732039382,0.4182564530884716,2,0,30788.37751028432,9.875231256253468,0
67,37957.42901048997,664.1543558637264,0.3389549123337145,0,0,8434.87796594137,0.3293223945371988,1
45,31807.102606084678,647.0027815695067,0.5277021855043968,0,2,24652.620698793093,11.562754806381772,1
22,64604.50724344831,721.2274563733254,0.21980595580547868,0,2,28352.064233295165,7.585093740097368,0
30,86252.34973292022,685.6940400694615,0.2947386396080311,0,2,21638.25113499716,10.035870790462765,0
50,86892.8965600245,559.2446414439218,0.3040186231678782,0,0,23258.219203978424,2.748892116677918,0
65,73904.17193062106,757.3900986901123,0.39454819430887944,3,1,13677.438317408796,0.6661856192290143,1
25,66216.87095817065,780.9352450522151,0.4746347753405712,3,0,25037.893322224074,0.0,0
53,77793.44172697513,735.2939399707399,0.32883398115544366,0,0,15086.457204188046,10.364812048903499,0
21,43616.73714026854,598.1291604028844,0.3034803403567659,3,2,2000.0,8.65176027625552,1
38,107174.69657563479,632.2380162707495,0.1420409758604162,1,0,21962.659720661104,8.79365218429708,0
52,106848.46045306302,540.6710103981717,0.3334857427756034,0,1,3240.5068545233808,7.165769484315362,0
67,75720.30786551745,799.7036368546667,0.24196399880042557,0,1,30134.94163457727,8.175486330353571,0
69,69932.5104998213,653.2446077555729,0.39421235727185233,2,3,8691.798565647669,4.833339805732818,1
31,54714.475683515746,850.0,0.2708378972938366,0,2,2000.0,7.481202535377714,0
41,78218.72114499152,826.6422523180834,0.29112343347559144,1,2,2307.088391436868,2.5726522419208386,0
46,47717.06572458058,612.2430187723293,0.14476783824997166,1,1,19585.233417114145,4.629067604509249,0
45,18000.0,626.879919544774,0.10262574994849535,1,0,21865.078122400693,18.173317981997616,0
42,18000.0,714.9642756760339,0.5433184448220334,0,0,5873.631836896007,6.155685387730535,1
47,45012.54167091283,548.4093422100298,0.33556206914783315,0,1,9276.117452577193,0.0,1
69,68909.45307295694,647.1305661966079,0.368520257315673,0,1,19919.311121136187,4.3656399775842,0
33,73299.29334883706,639.6380749094953,0.21052460441806964,0,1,29722.277579706315,1.7699104764261229,0
53,52831.07478726788,818.8374456460031,0.42506283286143354,0,0,7899.178192621121,6.636874058863533,1
54,68545.87917857258,692.0763414128342,0.4034167875085233,0,0,23791.752625178946,2.4425635487053445,0
61,58144.29107363673,658.6424766847103,0.22370873666926286,0,0,2613.0937102085554,5.152674493775622,0
55,40017.181058746566,632.6386450486024,0.1928593476985536,1,1,23158.887367045336,3.0406399349140343,1
21,63656.38727577187,747.0537197993596,0.2320966779407273,0,1,27557.92081055943,6.788736472788067,1
41,85323.92780914123,642.7466882052194,0.3166060821551466,0,1,25242.06610722506,3.4904046968674574,0
68,41148.45630634195,676.2287769228125,0.34005284037682704,0,0,29943.97780687697,7.427520289996148,0
26,41159.88467450755,632.0657358146027,0.3246072809886381,0,0,29277.424005288427,13.794325836194883,1
48,38268.735151196044,566.1847150988455,0.47584761303682444,0,2,38469.3181595012,1.3823511337480952,1
37,18000.0,605.2973654223002,0.234205177988473,1,2,21086.184190590862,8.895420854473878,1
25,52994.94064632453,642.352121947648,0.18960056107652964,0,0,38498.91385697044,0.0,0
51,82852.15282381327,660.2558877302279,0.32001188262221847,1,1,10559.009099134173,5.068914250737512,1
25,69347.90209584407,663.543205555737,0.11682982210028647,0,0,17946.582562785254,6.915619103802299,0
58,60768.72789859233,673.3310224610929,0.4034884998212742,1,1,18849.96826959933,3.0079492646463915,1
23,68226.61995600423,643.3484277386743,0.3317555917371352,1,2,9572.155408098379,0.0,0
43,52775.46281427104,781.1844761126305,0.2794354350908065,2,1,2000.0,5.847840884920521,0
57,18000.0,751.0988089892736,0.2727736552101033,2,1,28692.98361811651,12.128461585945145,1
57,84592.96954536415,669.8668049606871,0.4291994938545479,2,0,10700.658460973416,5.414202573266505,0
30,91778.11434461628,699.0693709805747,0.4253777522406237,1,1,15991.709927170541,8.23429489573443,1
30,46796.08059830533,652.0933818910283,0.2904353769903976,0,1,35845.852647706946,10.507522567045452,1
39,61229.1094848361,466.73860309611683,0.39101225882694546,0,1,25720.850754728115,15.885898182023755,0
37,59075.020723495996,681.5369759694519,0.4236044554208406,0,1,37402.11454735027,1.7908494547727019,1
41,73782.22023561354,702.9210770938412,0.36026314707496554,0,0,21205.31034096273,2.2035574417893398,0
34,107247.33641565725,559.0503681469829,0.295344197644553,0,3,25554.92727297709,4.83106184952862,1
29,93994.78113223263,717.4558301895952,0.36574012489887214,0,2,17593.2844249975,8.461746553417264,1
66,55577.1443646526,658.9567491541393,0.19530960284847498,1,0,11513.037012234783,0.0,0
21,78561.59653750592,705.3450290475996,0.32853266831527106,2,1,25517.92954135312,8.615035712002895,0
65,96358.92171431781,661.2201014472436,0.2920248493248492,0,0,15640.987901695098,6.593056216192369,0
33,75208.62910986945,773.8215855670137,0.27321612514478383,0,0,26445.219662437245,3.8642225759935425,0
24,64882.51488899569,696.9671615438065,0.11281747857638835,3,0,14295.30982011781,7.702039799141145,1
21,76150.00236667965,755.1812344004005,0.19668826983050852,0,1,18246.16747314483,9.558596929457444,0
69,47418.21193591317,761.3544606631209,0.2616926211049542,1,2,19047.17494699424,10.11208710355253,1
60,51067.971897397976,596.0333205433692,0.4274047016766508,0,1,30769.65025045659,6.059053524212622,1
52,38399.14411997257,624.5737347484139,0.3542988188484785,0,1,15756.51358774263,7.304131984835945,1
54,72676.61291425608,713.8708012044692,0.43276090976334824,0,0,31869.901195926177,7.153287276729623,0
48,61714.92734944404,652.5847037181371,0.46914960588801563,2,0,10951.482595993992,10.924789122586116,0
51,44422.04846629801,662.1044923057779,0.3595170974299394,0,0,22698.575916696067,7.524864858439309,0
28,60895.514709487376,776.4923616627957,0.33683520928163563,0,2,13123.99372411211,8.5808931300916,0
59,76749.95651907925,656.7225216355947,0.20324072039777477,0,3,31157.458222397094,9.570642197854752,0
46,112867.8076499498,607.3302988813564,0.5584005517487971,0,0,11813.365044644795,13.834256267828241,0
54,90301.69661759645,617.4649998773305,0.14985871139477713,3,1,12832.672561778323,3.6567405613227364,0
23,18000.0,843.6767375894526,0.3342480905850194,1,3,7436.975665047601,12.502834775388894,0
32,70982.71167050864,666.6335389711072,0.41993588042544583,0,0,21030.406144860215,15.88439911832391,1
21,100733.10656782136,577.6814183586567,0.42160850930376054,0,2,25910.487048493498,3.911828937036026,1
64,31553.162719744185,547.2906053512554,0.18138930914728119,0,1,24831.29183690797,5.1328394243327295,0
25,78788.9817553106,633.1522517994415,0.26961163965588913,1,1,18557.62040062945,4.2861961556433155,1
50,59083.945361723854,665.2608410429463,0.2241254273458804,1,0,13394.588684626822,8.627553628756255,1
50,93757.26327290402,751.1880279820755,0.08234789245207758,0,1,17213.200822921037,0.0,0
37,75106.42987533631,743.9258874846325,0.33563920900939537,1,2,17594.704770647968,4.002007506019305,0
68,42899.61363601984,679.5240184195374,0.23388615245120276,0,0,22526.10427422,4.90543129163009,0
67,59978.71304273451,645.9373560380309,0.5006578741653614,2,1,21838.528104732242,4.555622573856536,1
43,61457.60809880942,705.4701390066267,0.39382093258264067,2,0,37397.19074584349,4.515350117917869,0
35,61920.544629748765,548.8440442897709,0.3249682340256928,1,2,20396.360650814833,4.042961686912987,1
57,92981.57361938157,828.5810670446913,0.26327605611549576,1,1,23608.0096846521,9.109542665944005,0
41,43934.50196524424,729.0579196892459,0.333813928374281,0,2,20714.558064052617,8.152976875601182,1
34,90076.28274152959,745.0242664796205,0.2892951420901064,1,0,16732.664400346704,12.813603780195148,0
22,57443.758101962,599.4384963592543,0.328344693067173,0,0,23540.745010139457,9.119733434263699,1
31,70587.77765822913,776.1986480972447,0.5481962924998363,0,0,15793.39406051582,1.6096435555793027,1
59,66809.43965702585,645.4987129230278,0.1922292613582787,0,0,19417.827487126488,5.31985172188314,1
58,64454.86654795413,608.5581407886077,0.2997629757622072,1,0,31592.685384777033,4.895072686515378,1
54,64659.929138866944,677.0620722045335,0.40476660803626685,0,1,15146.405717075213,7.020952953719068,0
58,101433.96395677552,675.3083685508719,0.27198309898570106,0,0,23873.439357530675,10.372998558309511,0
54,86061.24812265362,599.1097195616003,0.5096650208730044,0,1,2000.0,6.74334023331509,0
38,55932.10776050175,612.8796984843976,0.4014150983614206,0,0,18146.560893431175,6.753967291865473,1
50,104569.68135305229,607.0076168503963,0.2337331501796452,0,1,15078.812703084834,6.040167532998717,0
35,71867.02684982133,607.7213699107382,0.3444882442729979,1,1,21202.604343023104,9.242335960317103,1
47,73940.60648309736,650.89265696753,0.23544695189746387,1,1,17637.632236680536,3.7243793241764522,0
54,44067.02301671521,575.8261147870656,0.22440100227750864,0,4,21415.177750743806,0.171960883657162,1
58,52562.533539871496,628.1469126939548,0.3031762424348503,1,0,16213.33713972049,8.578315904844922,0
53,47787.41230182061,758.3850911288201,0.47165133942821375,1,0,23863.34699115845,7.500668592701891,0
44,67151.82162484188,741.7482089078138,0.40945340477416603,0,0,2853.579985131106,11.293673100591919,0
35,80969.57698620523,601.2590569330434,0.31729068722032927,1,0,21114.122960804292,0.0,0
50,74180.80748555533,751.8653687970675,0.4137423433762871,3,1,10629.207501834251,5.598602400580849,0
62,104701.10390173955,532.5170548147963,0.35223424524989944,0,0,31678.665432740672,6.426854211316702,0
37,42806.04986971912,850.0,0.1796128369249655,0,1,10467.860141200377,0.0,0
25,67871.72608847206,777.5234894101694,0.3025834856974028,2,0,29952.20684020045,5.653614588318657,0
49,32926.516767542635,638.020106589492,0.31122084848222414,0,4,19884.67358805268,10.747690672941747,1
24,41953.22570991845,708.6819921301333,0.41140284043111547,0,3,2000.0,14.344458830928385,0
30,96614.4594334616,574.9310503918153,0.2520235399277484,0,0,11237.326508188762,9.92962759743465,1
37,53420.878338213355,684.533209244436,0.21048025092070755,0,0,28478.010241293192,4.7021144753596005,0
30,44915.905098493226,666.225272562315,0.3145343651855832,1,2,27910.088248495886,11.046060721885011,0
37,18000.0,617.3927457955704,0.2425490595206537,0,4,7006.492272695848,9.645610464397452,0
40,44666.13380527706,644.8581885255605,0.2811788936499636,0,0,35628.557256425855,4.06243772742864,1
44,59867.993145125525,637.475939314293,0.3102944512530648,0,0,19754.35792990116,3.672815922798642,0
25,31064.92600534473,595.1197460511773,0.2740347003530654,0,3,28848.45654200961,5.3259918378858035,0
54,58430.41527543828,615.6389565577502,0.435581929142338,0,1,7881.586504568497,1.7966039019324844,0
26,96765.77651645559,571.8616680500215,0.48971541272053054,0,0,15440.509838269358,4.756832355778434,1
22,47317.36649179168,744.2998074170463,0.4235492891549857,1,1,24159.04270257855,7.9470116862528055,0
33,41415.423765751606,610.0915440157798,0.1074563401814164,0,3,16868.365470043693,10.154029064685043,0
63,36902.46332837267,588.3484346322384,0.2429631605237799,0,2,2000.0,4.484591597284041,1
63,36455.897687104996,743.1128509861998,0.2985617457161366,0,1,18092.176630071444,11.553683474321616,0
68,78389.43617221073,707.7215265754497,0.09844720887799088,0,1,2000.0,8.600421867342039,0
31,66216.71842207627,740.337579196172,0.21489299394208633,0,0,9293.07458409475,8.782612075705485,0
67,88921.42198188935,748.7062418147491,0.297028403692094,0,2,5971.322072544883,2.323952984035675,0
43,115495.94729135638,825.3091172703818,0.26612311026451263,1,0,31325.554570832053,13.231040883094272,0
36,19240.2217022713,668.2970174980112,0.3210380212770702,0,3,34463.55104943822,8.21345780808636,0
51,74501.96771104433,570.6794240753369,0.15430059664676551,1,0,23415.639317508092,4.66933054841465,0
31,37034.51663916101,700.3278350571594,0.26476611791397964,0,2,17699.312980278057,3.963531049026483,0
36,84722.48245083627,629.8246532840137,0.3382291700871895,2,0,20283.38779483595,4.758191429200709,0
28,58202.1999731641,608.1871037513345,0.3212241765709844,0,1,31318.54835016094,1.9266498204890645,0
24,65683.06902160433,687.494387916293,0.37362722931774595,1,0,2000.0,9.95320217739797,0
60,32920.5643017548,744.9314549757192,0.366628923439704,0,1,9248.981095218463,2.3363116389183722,1
24,54339.32437217081,617.3003868802788,0.27114716374950026,0,2,30040.424027919624,7.159299355499432,1
45,67241.55627770649,775.5791065498789,0.33441426596901463,0,1,32122.709780979334,4.200331015194461,0
23,98901.95367016771,605.7789530747888,0.2240008286365956,2,1,25897.213000133583,8.683185875673386,1
52,45135.98681478614,661.7072584005903,0.2875726017167255,0,0,9550.284341482045,9.226819265047657,0
23,51232.71071174218,708.973091133565,0.19332590336603528,0,3,29895.489810734376,3.424379750323512,0
47,88607.24105455703,650.9075593486956,0.447850931873151,1,1,33614.326912788514,5.864505336968072,0
49,43516.49290751723,546.7998245796098,0.2871806839363122,0,1,27182.50267504191,0.22643415362237995,0
52,93559.62859935313,749.5555618841604,0.44767321354736755,1,2,2000.0,12.802172701255259,0
39,64772.8356318436,633.240174473298,0.3573795282426135,0,1,21245.948089159767,10.272012427719368,0
41,72578.07403979608,735.8673837045269,0.21372052860125224,1,0,25852.400642918157,0.41784440120980726,0
25,74188.05756273426,585.1891898729253,0.3501327918801824,0,1,14843.826696777354,2.532383178605278,0
38,49594.4861648348,597.9922563427691,0.4171661918105414,0,1,21866.769240975897,5.4607267192066375,0
48,74747.17048680988,744.6825057166518,0.3106903050076984,0,2,14865.40838643828,6.1550428802459285,0
62,45690.7553921425,705.5381069556518,0.32888352228094864,1,2,11384.066041132537,3.255794797893802,0
42,52447.424897528006,647.1060716986492,0.25382512299739063,0,0,35105.908172534386,1.4202880091789059,1
41,78967.27415083189,706.6273698628128,0.3228923871772817,0,0,22150.68670252266,7.580125243464623,1
26,72334.84889104757,608.4470648341731,0.348547782656257,2,0,8940.203538333033,12.957937882074756,0
21,63125.87622902381,688.2694338116683,0.2505421023057788,0,0,6233.999684611845,6.2186616736184535,0
25,33531.70876842473,689.6415442542549,0.19048448759844147,1,1,11390.178946581378,4.833151183275513,0
61,39771.04276625925,651.9663796106728,0.47455645994998336,3,2,11444.266252423628,4.412642347976534,1
32,71917.72609762462,617.3535720806931,0.39249446071816896,2,0,21465.302780213373,1.6131053974246345,1
46,83303.5140871279,685.2686433661095,0.2542810273554339,1,0,24855.567221888254,3.3120609940372945,1
66,37258.86238698107,675.8764142524326,0.3463588708589666,0,3,24844.868498339507,10.544444321454652,0
54,44004.36881369581,645.0633440810293,0.14257055987924133,0,2,12498.880128452087,0.0,0
69,68354.629354443,602.4639147364437,0.08275148313075728,1,1,29206.307145835155,6.2804132945892075,0
34,67819.69656572734,680.9357787001601,0.4500959704973361,0,2,32278.443151364532,6.111818667437423,0
46,24401.069780973972,645.2508226372546,0.3475461368313849,0,1,17400.366329806562,6.473597333958578,1
65,69039.07533599973,602.40067846723,0.31427570366184604,1,0,9679.29202877976,8.909670833694074,1
47,50040.80474424453,683.2647358068583,0.34791886457755433,0,0,21002.82514541745,6.244645054275897,0
29,106026.16574322394,800.6229104041539,0.7071357990703642,2,0,41600.762480631674,4.18416227071594,0
46,71229.96356839141,652.4879250569692,0.42429143434943895,1,0,9417.024321244471,3.3735089672448626,1
67,75536.83624689757,792.3332405931517,0.1945471680350232,1,3,14738.366970331701,11.193375052592927,0
42,76183.98255476527,838.5748786047571,0.11835483296956101,1,2,20574.340602976346,10.164207910223215,0
67,34651.81548368589,608.4935823216744,0.4465442916031299,2,0,25416.640245159382,17.510550078445164,1
50,113596.92232771509,680.6783156149223,0.42273150250760083,1,0,2000.0,4.876046285269603,1
63,24427.21881372067,837.7798938362232,0.3890072921060529,0,0,33058.87694300174,3.4471479707814727,0
68,84892.57854249356,670.9190028943217,0.22245451629207283,0,1,32922.91948681421,7.812667585202004,0
37,80466.59843701623,682.760910932405,0.36359424678607705,2,2,15752.06359209272,7.716065967452219,1
46,53074.940502176,554.7495894218831,0.23319857975078417,1,0,47066.18293332263,8.545420315531132,0
56,81661.25791783474,640.1253574760249,0.39953382632251533,0,0,32277.05382925793,9.388523509425458,0
21,57060.67002940655,721.6691513501703,0.43791882887268097,0,1,31744.49932988207,8.506694448413361,0
28,48113.463878605544,850.0,0.2547832689404558,0,1,31875.53189781012,10.300126423932817,1
69,76738.97923382318,665.2994874896232,0.45581721934585084,0,0,31587.160587080398,10.832021242341947,0
55,39835.975222802444,555.3030258311484,0.3337822879475252,2,1,19780.905117177204,10.903378866125838,1
35,59393.62103106076,574.6063106920018,0.37902478549303825,3,1,18790.40004867147,0.0,1
67,50145.58128175106,677.3157735546278,0.1628439963571035,0,0,10564.299322798384,6.929523610283761,0
42,56600.512260676376,768.2905098539187,0.347865740714588,0,0,14226.282297703121,2.3071592458218175,0
34,75818.2149782546,727.8015262156547,0.23892987351023987,0,0,16891.02317714481,10.22179106280813,0
46,50140.84069134485,714.5191897632594,0.37695601448170085,1,2,20654.60050189767,0.0,0
48,60191.90217319089,778.1858290188197,0.4960595203581515,0,3,35982.96047503504,11.87690111093297,1
43,52421.368702460466,625.9828184360787,0.3547424251179623,0,2,2000.0,2.54120114252939,0
34,101099.91663936364,681.4321039968174,0.21189741122801797,0,1,33449.34276077613,1.6245454400738657,0
44,73565.30995534726,640.9713409848204,0.3951759310133104,0,1,9881.24021473814,7.424997282790301,0
22,70501.74082416798,659.6408198410945,0.368214649494526,0,1,18954.801565562135,4.50691697067659,0
65,82085.4626155856,604.5297984255886,0.5670322095680371,0,3,12756.021435383986,13.11755723041697,1
46,50146.63558062784,654.2017946424653,0.3504761553081132,0,0,38542.76909465663,11.452132588510384,0
34,86481.43062499602,677.9213325315951,0.24974300105311178,0,1,15000.422290340955,3.956661190087695,1
27,73654.44364581854,652.1396375103837,0.4124769470775653,0,1,25214.479266292114,10.169939840823215,1
23,25977.727431148363,667.9203872739648,0.3046786313233288,2,1,25732.666782762346,3.8188523987889904,1
67,29299.229172480882,710.378040757789,0.32963011876541287,1,0,8399.932498794404,3.784341498335953,0
43,50692.57368039836,772.9021826798299,0.20858287635493375,2,1,19032.296478615594,8.856739032251715,1
66,31974.837603370746,778.3366901084448,0.3053078224635904,2,2,32043.2626310705,11.823364361876612,1
63,59043.03848251042,737.1066325547745,0.3236965636988523,0,0,11267.651891570174,4.235709928751403,0
67,39656.5502146034,585.5013891171263,0.30459815891157466,0,2,28289.65609481268,4.540284905991428,0
65,62556.92367322703,652.9692510822609,0.24909351650830147,0,0,16689.200286990723,7.204818876366884,0
38,100292.7343982864,659.4286226965548,0.35458749564143544,2,3,31636.540230366038,2.4240381021216084,1
58,63765.57741109537,630.7137626908577,0.20918330997897994,3,1,37474.969418891895,12.26164155930501,1
55,57425.88862745178,705.6763384272205,0.1809206479371206,0,1,2000.0,2.3857895657534582,0
35,74706.0661946336,560.4253630038907,0.4051443404871729,0,0,6618.649098910191,3.4672249378560185,1
45,47589.50517693491,807.0174852146218,0.39413002137047415,0,0,15614.90386270238,13.068956284158144,1
57,86085.3577349,769.6415503641285,0.16308746231835772,1,1,34654.24420844281,6.858353715554009,0
48,77380.3238281028,715.8651696426318,0.1004533944281045,0,0,25324.660546679428,13.774333715278424,0
30,65971.6390512141,675.3418002559862,0.1989509545524118,0,1,7552.4840102885355,5.1228899172621345,0
59,68857.89579083966,772.1629471304415,0.30460412066321624,0,0,26789.203254424967,16.078075279489425,1
37,116043.6477640713,731.70537025852,0.4585219489718607,0,2,10862.652673982124,8.46259992198459,0
59,88557.80525669671,762.9978338163569,0.3016706518624976,1,2,28705.319342153558,2.990256189552335,0
42,119988.16577903336,675.571093830512,0.22767667415263623,0,0,25389.649973539905,2.9286495253012346,1
46,78300.7548323113,814.1984814398126,0.33783034748996726,2,1,10818.881855751675,0.17116835679564524,0
64,28207.713933232793,767.5165906767393,0.30631806617005036,0,2,19340.455664781053,0.6087402159623769,1
45,58445.65742840398,718.2152221576948,0.15427912310564026,1,1,32246.837615892553,3.361873662202554,0
37,22494.878136298343,774.1979690323366,0.15499245380975468,1,0,2000.0,2.033606241667526,0
33,78207.57586667295,648.5628543624521,0.1582162997461648,0,1,23011.088071187154,0.0,0
40,83635.10493363504,592.4374730489731,0.6175821841889524,0,0,8931.006781163578,9.366083967523725,1
45,42852.10010101802,704.1162884785607,0.4231977728328336,1,0,19838.12390751191,9.101350883624214,1
24,48609.09050882867,675.7182165639898,0.24875407297575652,0,0,24577.6223685728,7.233507507903135,0
30,68718.77240588039,665.1711993291779,0.4529920187394718,1,1,40131.68973928341,1.4601343321889715,1
23,35047.39841839455,771.2234029512052,0.2518332454806242,1,0,19737.022191619795,12.58716843502125,1
61,33171.00576893668,692.5354409907973,0.44902164763684754,1,3,34655.25659221926,5.28732763881371,1
65,95965.80120102802,699.7676805151614,0.32963677484833454,0,0,11595.018132509944,2.667068778060945,0
38,67867.76545409921,655.4710580934428,0.24093785002432436,0,0,15049.799370165232,6.930344529373299,0
67,51047.2660573511,746.0842354459644,0.4015784414994764,0,0,25870.58595848683,6.700956686194836,1
56,22697.02778606952,732.6406835980939,0.3365023487268422,0,0,22017.610484069617,0.0,0
67,86308.7839223618,745.524475767072,0.3677921326615191,1,1,16715.811181726982,5.876218500584438,0
42,47887.04469457577,642.7052025022866,0.34586084278209306,1,0,16444.855543123143,6.482156101878827,1
54,111517.11114676346,777.8066345035246,0.34460177274451137,0,0,33332.945559185006,4.485035303823401,0
67,86482.75244233612,817.907631782478,0.41606646657040935,1,0,17115.578289724268,0.7141805560752701,0
28,44796.453639818275,743.152879799353,0.6300568218581201,0,0,9791.506792839029,0.8320215666445288,1
60,47113.20757171321,619.3033784566782,0.4698550280659469,0,0,11451.243757422788,8.056261723275917,1
69,108046.27907360828,619.8348286822849,0.34635741923396546,3,2,26699.01135681616,9.046403931760775,1
64,62893.51382913738,651.8467283305184,0.2827271702120512,3,1,42565.224512124536,4.207962020411077,1
39,52167.21929191575,637.6717089486109,0.29591180983976095,0,1,14760.17316702016,7.529270928171022,0
62,65693.04221191425,674.6680530734551,0.16926448464674607,2,1,41486.25525356763,4.1683269796246165,0
61,52052.18374865525,727.4331849775886,0.399745225106386,0,1,19891.592324401758,2.5870439890274657,0
57,71026.21192770412,701.7464330562386,0.1982092770009989,0,3,17201.877700203648,6.857987544354625,1
26,63104.409462043426,695.1716792289717,0.27530548255408843,0,0,10897.22928368248,1.4036199909859244,0
46,86887.69951278772,661.9097937649891,0.40044184434823993,2,0,18019.8619975085,13.575136359328194,0
54,55285.647419021836,674.4615554626588,0.29152096354441687,0,0,12438.593598479612,0.24994514867451212,1
65,42879.590832758826,739.7431630646752,0.26092544113648963,0,0,11636.191759893161,7.13530945691705,0
26,56275.382584410356,529.1031479375139,0.17630231766732285,0,0,3479.497323943375,6.600957330238597,0
57,56122.90254439885,679.1457193640952,0.4646392078765773,1,1,37661.16684649613,6.245902722889468,0
53,63061.65462015016,701.5990696195494,0.22001337614565453,0,0,30643.859415339786,11.933573584093716,1
42,80863.50720143062,738.768730141047,0.24969490076624612,0,4,22716.003676224947,0.0,1
41,79497.724186798,604.2465545537132,0.10499246961993666,0,0,18559.84038315919,7.646928421955632,0
26,94991.4668964642,600.2817738160161,0.31761667426305196,0,0,19944.197022332028,4.906490010489196,0
26,44712.75805666189,723.79662461586,0.2800046136366129,1,4,12230.910711076282,8.335903182055493,1
68,74718.00307627772,537.1660819807313,0.34182295003620955,0,2,8661.485000154345,6.218729103273037,0
24,83182.99617551787,779.9141833070589,0.1790441987650912,1,0,27174.141132309083,5.699918481014127,0
50,48144.4898422034,696.9943993619607,0.40810169522421624,0,1,17377.773049077405,1.1707413371131397,1
31,59809.223675440524,796.9040909632578,0.09929473365846606,2,2,23257.357130288907,3.30744999835777,0
50,21250.55314453008,598.4695717572865,0.3089387000021113,0,0,3375.61036376813,18.52603952781098,0
51,87671.44237814337,647.273039846132,0.33385859397675005,0,0,16845.7119802533,8.372408383770775,1
44,59612.54494200327,499.4098754804836,0.3269328808047302,0,2,8466.401955625532,10.210372697488182,0
29,85164.104417025,620.3232677753543,0.33893058453923214,1,1,24840.55752344936,4.592412705507373,1
23,70151.23794698782,666.2114839458591,0.414640602111304,2,0,29952.778525771857,2.5775625256937627,1
51,60370.86927562816,532.7969314993672,0.47896384459676605,0,1,34596.99389213819,9.105711097791943,0
60,25179.930016187856,650.40298908512,0.30132704860244713,1,0,13710.202670541416,0.0,0
57,29626.184732089,530.9494867354817,0.2038588837832464,0,2,8721.009079676309,3.39704600248779,0
56,18000.0,660.6904861316431,0.3872860738751308,0,0,15814.063920277324,4.581698181050795,0
44,50934.66292928359,766.0333945331178,0.28637127383069705,0,2,13006.870779862877,9.779956413474615,0
51,121956.21757953119,677.3765187414408,0.47175436539466153,0,1,24312.33376146437,7.654850854485238,0
26,32801.31526205001,804.3655529458853,0.24776400627534492,1,0,5972.177078740979,4.108401085469564,1
22,18000.0,738.9719422545958,0.2170386933640663,0,0,2456.0493771926012,7.475892048409381,0
40,89066.72298963829,781.1110886455228,0.3372552501143212,0,1,16535.517026426256,4.787392644093297,0
48,124092.94673241753,622.6291069341287,0.11114986505156094,0,3,27265.06064399424,10.280151035737296,1
31,72448.02663149507,620.8143778705548,0.263908554349006,0,0,9725.433089093805,6.9446268883083295,0
24,72218.309867999,705.9210062289027,0.2804191308069982,0,0,28491.13295606409,12.945771219065172,0
35,57252.94815890622,561.6723431275356,0.3464566784927219,0,1,23653.377340269337,4.888822690678241,0
26,20143.5692372485,715.3357812321568,0.2004473484475761,0,2,35467.95586739374,10.90158093143869,1
69,28732.202056413087,655.7060137589802,0.21445994332784585,0,0,11977.453335629107,6.361655974780754,0
50,57081.166765037044,779.7497628159992,0.458829642883568,0,1,3935.2813320313744,3.2110253964306703,1
58,52288.61649925641,730.9634190559558,0.31838462544972174,0,1,25985.417602151087,16.406298061936077,0
22,62120.67680575145,762.2529822755096,0.42375646206835527,0,0,22798.745378447602,11.238835297453361,0
35,85733.12059820397,623.4345438953715,0.2549855118339845,0,0,22024.980071945192,6.937293172719657,0
31,50454.054202074476,758.6157701571296,0.313465884509495,0,0,9521.722957457176,9.063985399241584,0
28,86242.91891011529,788.3534370773212,0.3457441312435056,0,2,27751.506073256638,1.671925206788031,1
46,50617.75725243075,677.0964632464744,0.5297065889147916,0,1,13665.741929249287,1.8127539493956455,0
65,90955.98982164392,624.5487035475134,0.29388581837942224,0,1,22020.604786766322,10.456361147310183,0
64,67159.18917683559,625.8659599074193,0.3000477327535546,0,0,15404.318882490583,6.019189515000482,0
25,54104.2414769622,772.9259744011973,0.4517783633284086,0,0,23543.815902843355,5.376729779195143,0
26,66732.35151372224,850.0,0.2744226273817895,0,2,8048.695486850103,4.8482492201573715,1
46,57661.52894606083,606.3766197368584,0.35415550300073045,2,0,24996.783072459933,6.608269741876452,1
24,67828.3559419993,600.610996246808,0.4413151047702838,0,1,26575.89259523943,4.983002353794831,1
39,83952.6549629368,749.1060635505859,0.25089897539612716,0,1,21159.78158282697,0.0,0
40,62819.61003960875,623.4564852975017,0.36085549357803876,1,0,36438.96725201694,11.663501067313206,1
53,55760.77867865547,756.3766538171202,0.5294660852174016,0,0,22071.6032081238,5.557758552644857,1
40,36912.094877229276,714.9009630144984,0.4305581658605784,1,0,29187.537600366686,13.326114518552114,0
69,79479.45048229286,678.2017023126527,0.3541919683621774,0,0,20924.167977990473,0.0,0
32,73706.80566006812,713.0953650891266,0.293081442580084,2,2,28293.988640047217,0.0,0
67,35451.42872681198,708.5148776865045,0.24748180624701943,0,0,4666.956843385755,4.898345857931044,0
21,85887.35694801903,666.5295126660368,0.20141768921170314,0,0,20329.447973750866,9.910109274158525,0
46,35045.399184941605,548.2729226271128,0.5011548751958813,1,2,8730.646372016385,1.1213311138902275,1
34,90730.54478084734,693.3988046441776,0.47785652544439994,0,0,21404.271956117846,0.966087778698359,0
58,82196.58317967545,797.9795274548123,0.2411462626951307,0,1,23841.92710010073,7.487809354841623,0
57,75491.63806495174,559.3423502596607,0.36052243976937665,1,0,28074.976130458545,4.748505333525126,1
31,55575.121020824095,607.5661234895791,0.3333591798207573,0,0,24899.09926405581,8.17631964438098,1
56,79394.49456666132,712.0120231074508,0.46212985535888884,0,0,16631.470352228596,4.820200787010398,1
33,91909.29988102951,682.8943897049211,0.36593614379616207,0,0,12464.045116391899,7.540549131219933,0
63,79808.79802770434,710.8386619688217,0.31726174871235824,0,2,2000.0,11.46453295578694,0
23,48243.74945684406,627.5511344129253,0.25499772772451834,1,1,20688.52577850552,1.1298128329760155,0
53,71685.1745588866,767.184371494423,0.36090414141509924,3,0,31378.61714309034,10.739148055264506,1
26,93300.8746573759,683.5175424267658,0.27821809148448556,0,0,21083.934666481946,0.0,0
30,119977.45451391758,732.2739141757293,0.34648219341558095,0,0,19152.483087717887,8.43734629534646,0
25,59869.67563752009,704.0208058228322,0.3108834704650023,0,0,21430.572885494108,11.677076677452163,0
43,86447.07765328576,693.1621225970745,0.2753009744155824,0,0,16122.906000569033,3.9037279053890805,1
30,93362.01300210797,727.0125242771097,0.2032711071641817,2,1,21949.678858405547,8.578220456766779,1
64,44689.875025255904,693.9865965475212,0.38170343032967613,0,2,15950.363386874087,4.0516273722018346,1
22,109551.95795153703,590.7350728928366,0.32510844096548397,0,0,11011.186009784189,8.3415245365079,0
33,38370.382897913856,761.5517619286974,0.5344905026559713,1,1,19247.014053580846,0.0,1
60,85224.63787582441,741.3595464686138,0.19611861939468694,2,2,19028.970593853322,6.648626656349659,1
22,72632.99448867665,521.9862206481642,0.39503578306795895,0,0,38751.700871262874,7.581563855373855,0
40,66389.388999954,630.9349786343242,0.3100824238368031,0,2,11943.100069978886,11.378727804292438,0
21,128670.8320362161,758.1770346869605,0.571971007799187,0,2,18405.582959819974,9.701022165119259,1
57,57468.61911682997,542.9803590141624,0.38587663004737605,3,0,17433.346736384792,5.3550557904099785,1
29,57066.36018178479,750.7675161425558,0.35896262979621013,0,4,15523.171674195588,7.072259191794566,1
37,98286.97018494489,669.4083098259312,0.3103877078031416,0,0,25131.052391066514,0.2155343003748298,0
29,84045.09445216958,780.5211927750493,0.2356254734401257,0,0,42379.63017824218,12.576299752160676,0
31,97052.47302396386,679.9139908193403,0.35736713511691165,0,2,16791.728033293904,8.764637593288283,0
35,67921.73455852784,625.844900525328,0.1541236869035886,0,0,25158.944916195385,0.0,0
44,72923.56542530407,703.1064245569355,0.1596459093698035,2,0,2000.0,6.9839481925126154,0
58,112523.39032486436,677.7210882867511,0.44149261241953947,1,0,16064.704700159684,7.289361777911856,0
55,44101.14801048259,619.186164939449,0.1085451033147122,3,2,35552.411396122,2.904224416548559,1
50,62428.07389770849,846.3757612258539,0.28165117300509956,0,2,19450.19606552019,6.387462142504712,0
51,84956.35178563613,607.1676363811764,0.19410482104892499,1,1,25023.400150092915,2.5020792067411284,0
69,60103.47949780406,511.7783468705154,0.27170351691324046,1,3,13772.48863870811,0.38160970917366743,1
25,50746.35301792411,798.6274226091119,0.3421454362807215,0,0,22575.571918564652,3.546612069503787,0
64,80462.11281966305,636.2327395763056,0.4381466349157007,0,0,36327.76246786081,6.686361036557136,0
34,98395.14166228735,657.7420054275728,0.4661160307679265,0,1,8399.170377308978,9.713326933504936,0
31,61479.14092985357,653.1570451528224,0.20972561370094134,1,2,41865.42505175789,6.279273803486074,1
29,60785.25947973128,637.2761424381256,0.26408456760478827,0,0,4540.5581810595795,9.752365475758834,0
54,48807.79935791423,622.5355646552416,0.75,2,0,15144.981565144917,8.594812310816206,1
32,57600.57891485665,605.2387023127277,0.28999823768775657,0,2,11640.828152204147,1.858407816648568,1
55,92090.15199575464,684.8569821278425,0.21413470448049143,1,4,17275.390182327566,8.564412148167587,0
55,67026.57176734142,649.8509331743273,0.23410390847102736,0,1,11510.971246759253,8.67497361048558,0
21,44875.2334767428,734.777164275046,0.29070321004288036,1,0,10752.803365070513,12.967204189747843,0
60,71559.05950809157,716.2020538712115,0.2728715164653849,0,4,8132.533944883793,7.642617445342607,0
42,91279.85027465102,610.4365854855947,0.29187558521661566,2,2,26440.536285562208,1.0613038087498676,0
49,50952.85841131428,688.1390957054267,0.31742881355281233,0,1,17620.420040594196,3.783676814639097,1
28,31784.86951011092,648.6621256908985,0.3165910565248203,0,2,15004.895803004922,0.0,1
31,119770.62899681879,605.6254668024751,0.20534162032745673,0,2,22822.56910582161,8.0419100752232,0
61,30536.766248918822,731.7073677886349,0.36431972253873574,0,3,5053.644889094405,12.615870163112167,0
57,56024.43590360536,670.9006040518726,0.3345256339856821,0,2,23063.725439663463,0.0,1
34,70803.21279646675,649.4337484872141,0.3795898004659911,0,1,19062.30598978754,12.784921370094297,0
50,58189.307468892715,615.8324572682541,0.11426551355298117,1,1,19369.62169970772,7.988950012157419,0
55,63127.228883624535,602.9047429194995,0.3388213092429774,0,0,25191.66750906945,1.6936733833711468,0
41,79420.95419686484,829.157601793591,0.08172844209175803,0,1,36435.240087934915,7.026778557970204,0
57,18000.0,705.0588987222498,0.2989314926628104,0,2,23229.74741954859,1.8226892905427041,0
25,33327.638211903715,598.1653222097888,0.3989523551303691,0,3,18001.254921952175,7.761679062331055,1
39,66106.48465175823,701.589942374211,0.44549349819228384,2,0,8173.556124240655,6.253444200434199,1
34,54894.57470065975,759.6512132596654,0.3601352076916406,0,1,2000.0,7.3173742775258885,0
46,68235.28145688995,692.5638209397532,0.40104688823515866,2,0,21278.841671628623,2.324242731254228,1
24,70691.3320657826,783.0516006599844,0.28411940455010487,0,1,7403.666598191327,2.906717573541925,0
45,18000.0,564.2890143447524,0.2588998676090045,0,1,2000.0,8.007285651355886,1
65,96841.00830379115,530.6508464464841,0.6431309795028471,1,0,16491.295769007425,3.9890948242693387,0
62,52543.30292249126,699.5388066390315,0.4192592374238253,0,1,22394.817357618776,6.596071232686622,0
45,43362.17038059984,700.7372107530413,0.1792419378241528,0,0,27443.038165359412,7.811934118828333,0
38,70208.88239898198,429.5374866309318,0.11184032941604113,0,0,30612.50713604522,5.110576568781976,1
60,67679.00569455608,633.2317931598488,0.26419166611237094,1,2,28757.121635950483,10.620404713486993,1
28,94917.27044136595,604.3503264212409,0.4630242207570398,0,0,29025.75029604067,5.25779806794105,1
59,71796.82906925042,575.6040319472633,0.32584869848345216,0,0,5319.299874113471,5.13769805171332,0
60,93952.7712006075,604.1718676542641,0.05311762131664577,0,0,18504.04362593242,3.473179298348665,0
34,41545.56561430736,724.684085119952,0.2987247892172111,0,0,25798.355665946125,10.159928101113264,0
52,68546.52638018748,603.6946234032719,0.31971181397017384,3,2,20463.746151453004,3.171167039902673,1
58,37131.30731687777,606.2658399063619,0.05,0,0,18448.507234174995,11.017960776614277,0
53,67441.89638900699,558.5896018356741,0.3228999382460228,0,2,20280.900199123087,6.652450845461642,0
43,62142.80110995286,775.168223188687,0.19839583908904113,1,0,22455.339982091504,16.72837925459876,0
35,61067.56436997742,712.5974274102975,0.09973443070540217,0,0,19231.062945643393,3.358160505749966,0
53,61286.81119095918,493.07328478228237,0.5125409096198481,0,0,11537.206425909331,11.10077561797776,1
45,83409.73675461493,606.331994058261,0.19308773590580866,0,1,2971.75892862376,8.040967918356598,1
37,24816.008574935506,719.6388413296195,0.23992583174524626,0,1,17959.728385287577,3.9449831512669635,1
53,42505.30343039568,776.1044411737128,0.2383300536719986,0,3,20574.827543052743,8.094718624122095,1
67,63985.704331370616,743.0629069524992,0.3202686501109163,0,1,20465.795814759418,7.89981606172214,1
22,35533.422763218754,653.3237817306585,0.5319572728467048,0,0,29529.210635822114,4.672245499257644,1
34,66152.8526550261,535.1467354405221,0.1764575755716882,0,2,31306.063010229263,7.713123516030045,1
60,63728.68696897313,745.2686745433483,0.28318357826616863,0,3,18959.77196230757,10.653766371256825,1
60,29906.08387368542,657.7327361509622,0.3345034254831678,0,0,19031.35163503191,8.045416642903994,0
59,28670.871343643063,685.1646510961302,0.21574499034085937,0,0,25731.285995706505,4.323259321094388,0
26,18000.0,666.6934671343628,0.28125363145056725,2,1,24265.483795179753,4.0979904572974295,0
26,34483.24875795218,578.33528753178,0.39133997680994687,0,0,15574.417981986655,5.6503605270338735,1
23,65358.081455265,707.3187659167241,0.2293154015952209,1,4,26590.138361387755,10.449848058328653,1
27,68904.69557352194,696.9844273335085,0.2793628989523785,0,0,18536.25591050518,2.9848436376150924,0
28,70047.48899071127,648.0658367813901,0.2682375287696857,1,0,18748.892612997723,7.568524697256578,1
62,45552.02968331548,715.3329349896866,0.30754319826387955,2,4,24336.137950886405,0.0,0
35,64542.41289946276,576.950033943252,0.3491782057547891,0,2,16988.33380256743,8.378446030118507,0
67,74931.11523103632,659.8247918087668,0.3903872921728255,0,0,20946.725074900034,9.007083591883227,0
49,33299.111262471175,681.9595604701842,0.5525065162354805,0,3,22975.44306441549,14.110485984996286,0
53,68083.2268597635,549.8804275898704,0.05,0,0,28171.785594662102,9.701172214865114,0
50,81412.03029587728,675.717754187296,0.299913039295347,0,0,27481.405802752757,4.395196297558632,0
59,52730.696754427976,735.0233860010972,0.15626767133093686,1,3,22670.4447676833,0.0,1
47,91555.85825874007,657.257680696785,0.27375559992189147,0,1,2000.0,8.056785943952042,1
56,53314.141404375754,677.4413823114241,0.4257040796832893,0,0,22433.508197212028,4.6911107864196175,1
49,43498.478621923125,722.1758029425625,0.4637351026570854,0,0,23978.859289459106,7.336409590896952,1
58,78921.02946382301,650.9149918350296,0.469365749218209,0,1,26009.28847130378,3.119259679163353,1
53,115832.34423666142,657.6651950341783,0.46823510178205086,2,0,10439.750372679518,5.307215113411721,1
57,67133.84047219522,591.7472364100649,0.2991277914055486,1,1,2000.0,0.0,0
47,80872.695102843,678.8797417009426,0.4878236329648596,0,1,28061.700107836667,1.8151756116947704,1
53,52282.0694725539,654.8863637296415,0.5116219753527012,0,0,7754.7340653704305,1.2509190973533215,1
24,33959.5945050993,717.4317346289992,0.33665605454498126,0,1,32221.695443178156,9.49115935712862,1
42,69156.64114751834,722.2594965637429,0.4612683921881076,1,2,14213.4811419117,2.690943050899147,1
22,73109.99929469777,739.3406779259661,0.3249484422219894,0,0,9728.270416480971,11.511720303898855,0
30,56052.22274047094,641.8804736828652,0.48922790186610543,0,0,23496.219725359864,2.730224474803846,0
25,80776.41295053765,516.7564185781913,0.30060041151637307,1,0,26161.760850043866,14.38375227025517,0
30,48647.999754642,735.6229809848581,0.24685754219681788,0,1,25565.780220755776,0.0,0
53,42447.84335370645,712.3340723073056,0.18560102836740602,1,2,25016.104059359106,7.697207199808751,1
58,91516.07326215412,632.3531296485432,0.2991645160114819,0,0,12922.096927467006,6.154392128629178,0
33,91633.69066354076,721.6205149675503,0.3301265833193963,2,0,4730.902037128051,1.1542339438247096,0
51,49141.422354108036,571.3557648112819,0.20649768063488555,0,0,16103.356047008827,3.7962737245400033,1
67,107971.26226012054,757.2680159652706,0.28998698492052094,0,1,8542.922119845114,4.95487392845453,0
56,57822.33268674377,654.9781586154462,0.2568140828695081,0,0,24325.486848994366,6.99922504012548,1
65,67119.57161609897,617.8304290246328,0.19076293444033895,1,2,28742.4781081708,2.2543332045440936,0
44,62883.686453789305,633.3723832820834,0.44430615938643003,0,0,21726.966501188024,7.701281554221929,1
35,78094.00543614199,662.638626049984,0.46542843237269416,0,1,19990.551855605845,6.478895399988722,0
49,71785.53734502356,679.0990945025403,0.4437719213950771,0,1,16895.67421488268,9.116739042565655,1
28,71449.05403954144,683.6210210299555,0.3099013051254201,0,1,29803.492695387955,2.5505519031608195,0
25,39510.959207002845,647.7794417031407,0.31731406335297535,0,0,2000.0,4.362667998788977,0
49,22785.94208025789,695.017968009611,0.192419197311278,2,1,7938.489600031755,11.768473505853922,1
67,93554.00070632155,680.6209455750076,0.36975594742896056,0,0,38267.33302733586,2.375846030776607,0
24,51363.850026506414,631.43202533192,0.3403558047422745,0,0,7450.406291963329,0.43009312067227423,1
32,63774.16566416305,620.1357031684051,0.6612736875830816,0,1,25310.36832470078,3.4761793476820095,1
65,73169.97274724452,725.6274157171129,0.45045228344188915,0,1,27367.901083169207,0.0,0
22,105725.24008373171,719.3244526998429,0.35782939118850254,0,0,2000.0,12.69157390999344,1
47,69033.9481160627,684.2852266370948,0.31500688268080107,0,0,2657.021238633355,4.868946659345108,0
51,55130.06092689757,749.3146599492651,0.4401567844492671,0,2,32647.143405969,4.907578458137709,1
56,51911.39046782857,532.9004257874274,0.21011135955433738,0,2,10270.563347452595,8.97010782874391,1
56,64066.07896895154,637.6704018869973,0.45675653744168376,3,0,10543.683802351794,3.097772467962125,1
46,42265.880758984684,593.2762165749017,0.1895427799715241,0,1,14791.238516508827,5.136278522601115,0
63,65721.89307872526,849.2204198853387,0.25261713713423223,0,0,10295.179568206824,2.992225353339809,0
47,63699.50778854965,733.4914865296989,0.0994184600714649,1,1,25262.67678677829,0.0,0
25,106038.17371610379,674.0703512256293,0.393689146765891,1,2,8179.624409431601,6.203031521942143,1
40,62909.97153522698,738.8742934134617,0.34999148315158274,0,0,2000.0,10.102909715833743,0
31,18000.0,763.7206747816336,0.2526220370280772,0,2,31563.565171907845,6.3171798126805445,1
30,131837.77425991197,762.9223768643053,0.2085033450829018,1,0,8670.892338070293,9.679165296200022,0
60,88920.84327890242,749.1277613825265,0.4854466672040081,0,1,12479.812333330701,1.6168324037323591,0
58,117058.71860238962,660.3094757538454,0.30396752748761957,0,1,28298.579346224542,2.98384301222894,1
26,36067.00032538789,642.3975935387036,0.2279245550575309,0,3,20702.43888421613,0.8228117396403638,1
28,59454.3304685927,607.8358115014486,0.550631955634163,0,0,31123.412586103335,7.466230181247162,1
43,81860.03103735799,717.6835450046756,0.24115244970299451,0,0,28451.421049867335,4.729565480069605,0
67,78409.78430711148,668.0798198503414,0.45663404857445433,1,0,15465.693543415433,4.579765671473604,0
46,72673.44268398879,648.6146727112103,0.18188113231873118,0,4,30219.19882486017,8.675944759406198,0
66,18000.0,644.7003978704148,0.27740645237516326,0,1,21677.73147793056,4.108068064452206,1
63,22189.013560892156,788.7644472976017,0.3802749470458864,0,1,14016.12091309655,10.31868685355348,0
32,102938.0027265968,751.4510309631254,0.313059566047517,0,0,22904.016229685145,6.942630351948791,0
46,107383.23832174225,817.2795392096124,0.3492515625815663,1,2,6905.374801575064,4.535408636795259,0
33,62333.71771409011,719.6762224919081,0.25533981847711945,0,2,28338.477024753905,0.0,0
60,99760.68686015955,684.2715830191173,0.1282644617720487,2,1,27041.18788347806,8.653097112148108,1
38,39419.30584641755,678.0948161941307,0.49586916612376525,0,0,21203.584414838362,7.131742523526103,1
45,45139.34866328299,603.4773839553895,0.2626605947151117,0,0,2000.0,7.324273903059753,0
53,37442.99195342127,585.393575618645,0.35468149466388066,1,1,31544.047871184484,7.451854401210541,1
67,43752.01135778385,718.0505766419656,0.4042348989958791,0,1,24370.926842574583,3.883655725106516,1
60,83067.40023806549,609.8990967137559,0.35705098451736716,0,0,19770.41653122115,5.39450368812947,1
63,43441.19067341389,695.8593315400427,0.23496904796741416,1,1,18193.335208209595,4.165794919016091,0
32,120993.57599819661,763.6600012321409,0.4591717954342126,0,0,14632.80772694397,11.000257934975874,0
64,76501.76515868594,630.0909550226828,0.3816415010029843,2,2,16555.29237479878,4.899518827253402,1
56,92113.1761623772,830.7861225943684,0.3438528380414274,3,1,27692.166928951396,3.5230392348002475,1
68,77248.51457000183,605.6978659291925,0.34107017643030674,0,0,14832.739571109792,11.27505631318283,0
24,95356.74126148198,754.2646067367384,0.5218714813108469,0,1,17256.978572035874,10.839884940011814,0
25,43300.00001153632,711.8567135849272,0.2323925336896221,0,0,18724.067236931623,6.945497168550428,0
57,101173.33845498893,769.5571437459613,0.3698306994041296,0,0,18998.02738779939,5.480526693010884,0
28,68523.47213978592,596.2851791480233,0.2565644610079787,1,2,13821.880837736451,4.481801860929295,1
62,95231.65277421847,850.0,0.08764330323919964,1,0,18298.00556121603,5.8241036951844976,0
69,29010.898665595392,666.5918687162821,0.08447185701645432,0,0,23433.139459011545,2.5011536671624683,0
48,69514.58016520907,730.7485954474461,0.1982436350027944,0,0,10951.954001988031,7.933467763296392,0
51,68630.96791954162,788.3365616709875,0.24098682007852457,0,0,18344.29382718038,12.610011856371816,0
29,49519.088375513966,634.6503449378588,0.5807539699233037,0,0,39309.842071211,8.250479514939451,0
49,72827.97074368161,741.9294772210384,0.4038066121167307,1,0,19368.55659795257,1.587054886257607,1
34,103490.17120003788,622.139776608388,0.4146011625031304,0,1,10695.769551380208,7.820403063872071,0
60,47596.19102592197,784.772118534338,0.24355057924995727,1,0,9525.881827071511,6.778154254523498,1
61,89046.35890512346,622.986445157845,0.32735926034233376,0,1,7348.049279673081,7.785179213211903,0
42,36814.42359633729,682.8880236871819,0.5967383581695458,1,0,36271.16561672257,2.721725021706687,1
31,117736.11486606149,702.959052575897,0.17426987914669226,0,0,30080.223897163458,6.0134293699117976,0
43,84615.00796091772,738.8224827291962,0.37474865568407767,0,0,7103.749325757857,9.532395603981353,0
21,108127.93330646431,827.6357231319909,0.5133554920292316,0,2,22137.0629433824,1.7200084379625808,1
66,81801.51297734419,646.1023257789133,0.43591317025666876,1,1,32248.360587029085,4.203507075386854,1
57,74765.32944323405,765.4051080705204,0.536184753671028,0,2,19595.3188859253,4.848585421676417,1
41,84823.32351214795,827.7693836475603,0.34554383078325546,0,0,15083.859972720646,9.993468475483873,0
46,61588.81341614571,692.4300020648687,0.3924143630224517,0,2,42408.99648478352,10.589996986314068,1
66,24554.152361041954,638.7400437409782,0.33317292641484475,0,0,2000.0,0.0,0
56,76184.98366166982,550.2474695423532,0.3840014670967497,0,0,46325.80773330154,9.99003514531825,0
43,46112.41663500613,821.2456825558297,0.21017523052358927,3,1,20599.99208856506,10.715820333069708,1
21,37458.45211551494,661.6666752556728,0.4150818090732419,0,0,32904.301302945176,10.458749711127611,1
60,80907.32921096525,604.8981125577087,0.3553097975320468,0,4,7993.868207176743,3.881491042648818,0
35,58022.28812750765,578.1252436842678,0.32751912395054567,0,0,12744.157019506889,5.080792207624834,0
41,90692.61016514225,604.7589357207469,0.5295669965379025,0,4,9200.432572801994,0.0,0
67,45276.480781023245,748.9778969920374,0.28815375210742705,0,1,18989.688209908752,0.0,1
29,53229.275587154334,759.3401395756053,0.46493864415445196,0,1,23077.261401087606,4.553942379222541,1
29,93757.40065753483,728.9091403591652,0.4768734316519707,0,0,30668.019966026222,6.305874862161173,0
30,71996.06652494022,689.9253370515023,0.4226653261502556,0,0,2885.444016312307,6.707077887948341,0
46,28066.79897734651,586.5859557873998,0.2041880395116105,1,3,21568.839377420893,9.28455861659155,1
61,71444.02207150278,625.2544290573464,0.3630893956811786,0,0,28949.088679493085,18.244543139573388,1
55,102030.9637147201,597.0035441989044,0.55501691613578,3,1,30821.859711643305,4.416037340412039,1
45,53035.56388446332,722.9615754144698,0.10177357583759558,0,4,15594.807183765719,1.7777234483617672,1
46,79951.44241132273,600.2515640853721,0.2974809806844559,0,0,15719.238026368854,8.184538722349165,0
31,43765.327121102375,626.4315416709806,0.45947702236018395,0,1,19079.75460164853,6.888969547823771,1
58,61580.41812576428,666.238456775112,0.30616152802548346,0,1,21860.52704410257,3.7019143167226187,0
22,92245.88841126084,554.764988517774,0.41718653803686473,3,0,33025.97811624913,9.64340869648956,1
27,70480.79169387434,683.5078573130635,0.48910292343189476,2,0,7899.043725429867,2.752260061141299,1
38,97231.7465678909,671.9635339223348,0.3478407539778563,0,0,12137.462763934505,5.485733122114444,0
47,75632.56010569654,768.8156859471268,0.3810788625026649,0,0,6685.886893545678,5.716329033733986,0
54,120468.49193002105,618.5100841224686,0.33102451202962413,0,1,24277.54085038344,2.209149190921977,0
47,25877.165769518266,582.5603361265748,0.355736705836438,0,0,31013.681922613807,0.0,1
37,59570.16624847588,651.9455262806537,0.5723122921875525,0,4,5790.332456297207,6.875800049550342,1
63,37886.655167698715,597.6431529922988,0.3123261808783223,2,0,20887.03306896204,11.474861953956095,0
64,39593.77063854376,682.9365943859843,0.2776215154465303,3,1,30290.032399781623,9.843607422591907,0
44,39820.40765484901,540.5048853630045,0.4450105074823715,3,1,27845.46802953032,10.111198328816437,1
45,69193.14555128051,634.5990947467039,0.21884932013098485,1,0,27727.53857865157,2.8042012166523955,0
27,70657.52337054668,610.3721247633335,0.24623342512817115,0,0,8101.245771067517,6.856278285961201,0
26,75686.3981248779,722.5817807814551,0.24699856472568532,0,2,27694.344109181347,0.30336114171688955,0
44,36923.4859963862,619.2076467780976,0.2892950573050352,0,2,18140.744823149886,6.675660051435147,0
53,56894.379525042736,549.7928181051126,0.29453606421559303,0,0,30701.6181455428,11.555138029899192,0
69,40892.6340060908,664.8634927299089,0.40389195075986084,0,0,24491.665552347324,11.679348493576299,1
49,88397.03890679289,703.9914605205881,0.27891660376895877,1,0,11844.992366903189,14.12179467057412,0
63,43243.31124547566,659.6596105054456,0.4087356163082224,1,0,22788.11955554506,9.956712097384454,0
42,59657.19620010296,634.1507915585669,0.4237016845810139,2,1,28185.160604524124,7.902996223509014,1
46,79007.66103307765,629.6328424561802,0.24157865608003515,1,2,14936.359309218324,9.498892729608539,0
48,49609.28313756088,688.4711024331525,0.42112472224381414,3,0,21288.019921209467,8.722296638607489,1
41,82346.96112451634,613.2913438070339,0.4320102179549946,0,4,6633.904230510187,2.770983010353857,1
69,104901.99338832873,655.36377714421,0.10868762760429698,1,0,25490.31934630679,0.0,0
27,69742.79321813813,736.283492816553,0.35521771434487603,0,1,19437.362863739505,9.531034877679009,0
37,87540.27286421019,582.4007690820766,0.2592310270038904,0,0,29140.863926295286,14.373393042234092,0
40,18000.0,676.7249735194796,0.4763677976398931,3,0,25208.668058773794,9.69588571148649,1
61,54273.701828803736,545.8257940402247,0.2580072577671725,2,0,15928.268060617842,0.0,1
69,69622.52042322443,697.0947252507465,0.15926202136271964,0,0,11536.311116494604,3.9227926238439492,0
40,38675.87303999233,606.5893091900704,0.3164219819997407,0,1,9235.998326743162,5.2132289205111,0
42,70191.2333851023,756.4693859773097,0.21236332350810588,0,1,14925.780005512439,0.0,1
48,91498.51390147876,569.2289517765988,0.4219502317445466,0,0,28870.96702785758,0.49241183284120194,0
60,18010.984299749456,713.1559277600755,0.22296650013418554,2,2,2437.3264629602018,5.851698023330108,1
69,35273.178354903815,771.584830889487,0.31789922609740673,0,0,9642.752223610692,7.046537510810822,1
27,69620.33176910464,602.6982948934649,0.5054972512596997,0,1,28589.994266570407,2.0559434292011067,1
21,76510.49323600119,615.3586303253795,0.45182343466569636,0,0,33289.522697514156,0.30824143782550806,0
52,83452.00937274128,609.1853266717552,0.3773407043946739,0,0,10168.41316776276,10.773223516869741,0
33,67772.2369721942,643.5602983696772,0.30469067449372705,0,0,9531.909272184326,4.469884566484097,1
50,76537.81012539522,718.80663493921,0.36594757474533063,2,1,34071.60239571904,5.04235129726187,1
43,87587.01771351702,637.4371299584657,0.4026780743270065,0,1,18764.055804326184,3.8133190300402364,0
39,54638.54745574185,595.9281331095233,0.20160771641414138,0,0,11054.57620872845,2.91529883019939,0
52,49785.347849839476,528.5934720062533,0.42216046927086076,0,0,30446.178893886197,11.211133107284175,0
50,60787.33422662829,800.1460629884298,0.18779671369315032,0,0,25034.807966039993,2.480814618518324,0
49,69987.19855693533,806.0371722810986,0.38869423220147314,1,1,27366.54026635304,6.7187339703090565,1
69,48543.163919967046,722.0177779616342,0.1871731514540431,0,1,11575.604182403196,6.034817318604931,0
65,55156.0670881697,619.2212229181262,0.5555355492044737,1,0,23748.253410793048,0.0,0
49,74942.5442626824,736.0776586348735,0.4116009949924446,0,0,32462.861609231593,6.963787527997272,0
50,68943.76952574289,751.15301881198,0.1332769665456855,0,2,26407.943606482186,0.0,0
36,60366.57192960604,660.9313901440449,0.31988880485238164,0,0,29198.69918353089,8.54184043531965,0
60,21473.267248433775,683.1026407999168,0.25742935470984374,0,0,34031.42549962902,1.2543338811319593,0
39,64912.3001997865,772.3826172117119,0.2432327684262363,1,0,24276.697197553553,8.088074442396598,0
38,40749.90081227393,556.9653982207694,0.3376524231762102,0,0,14348.790726175012,4.281976621052886,1
21,89577.0676301475,754.881711734163,0.20864075003978022,0,1,28771.111535319535,3.302701011190464,0
34,57281.97116803731,656.8134641482615,0.41137589179813233,0,1,8942.94649099376,6.842265829246236,1
67,40094.198594436995,596.5566273491712,0.40455849043992104,0,0,17776.805061222913,0.11256372912951385,1
22,63461.41815299878,602.7270145029246,0.36217097299303824,2,1,25880.7922912916,5.723117364146953,1
48,96767.48962730478,615.1458399110684,0.31765945657509626,0,0,2000.0,9.129000159760981,0
69,80770.39622861547,589.2446959924098,0.39917819431339785,0,2,22524.633653464673,10.170417726497831,0
50,70497.92876514835,812.8541730791762,0.4149662607293581,3,1,22996.2607192781,4.149476345104844,1
58,31847.623523828595,716.8402203875751,0.37459012840900174,0,1,8640.650784377229,4.733390797970422,1
24,105540.00249415805,759.8362065206427,0.16257511721837148,0,0,23258.605917493143,0.032390149227499165,0
21,49459.320649102425,722.1776218712508,0.22539366633571922,0,0,21899.485012560574,2.9971473524774734,1
28,88344.59782180857,684.592070635263,0.28783268942094653,1,0,20339.717803836407,0.0,0
49,56865.928041214625,685.6066492524224,0.14290509225803633,1,1,31894.338037618432,7.76029438094072,0
59,85937.69681208098,650.1865520817603,0.3468803759997836,0,0,28789.09356517202,9.368666878917615,0
23,97671.85239688185,656.3163217669872,0.489320624878834,0,3,26399.828507133414,4.183103312734922,1
52,81203.43174768833,574.3922469640331,0.4702028440111511,3,4,9757.784707571369,1.7670714052216745,1
30,83896.37399399848,761.1369613280198,0.408755137280585,0,1,19826.586648162844,7.232767094318695,0
30,62539.02534610919,544.0075035497716,0.4073254320645866,0,3,31844.347397059,2.5281371740603094,1
39,54150.84644817973,600.6042057103101,0.5858354637156058,0,0,17853.38178318707,8.687755475386382,1
66,68457.46724464526,830.9025598220458,0.42126365986140346,1,0,35542.6201941357,13.741721130814224,0
54,56502.13735576958,690.212966229862,0.4310762824146016,0,0,26691.934064015015,2.462267761194314,0
53,126680.0927703123,693.3282833772649,0.14733023667966147,0,1,37095.60562892244,3.03329758843861,0
43,40191.04283773716,727.8003910825797,0.47993825532275214,0,0,9326.677770152091,0.1617171938282871,0
48,90052.13041476023,564.4746880158954,0.3678196820366675,0,3,18453.424613752934,6.584436373311507,0
52,77929.92086347534,575.4654975147482,0.3104258785480787,1,0,19398.68976991948,6.3124962743925295,0
27,70746.80520309844,646.6329240088365,0.2806834251118113,0,0,26061.733064352033,4.917762815749191,0
49,101997.15249784601,612.2479281839232,0.2541685475996906,0,2,12614.024181174882,6.064588190209086,0
28,72459.43631502948,674.378302624295,0.4708132254033075,0,0,3923.9295996352157,1.8253000717793508,0
21,49127.32700643962,716.4161971476602,0.31659692848911514,0,0,23781.97706978459,0.0,0
23,72293.2594313352,784.1872285902947,0.25859857293557026,1,1,16335.267520799327,2.9637208956378247,0
44,60420.54327736928,740.8316254842193,0.22741438343238624,0,0,15293.029581998322,0.0,0
43,77582.11672041622,605.4292466233285,0.3404718553355428,1,0,13071.910846387364,2.461887080285221,1
28,85326.84079073746,651.8776941539155,0.2768468354938661,0,0,21238.887578507423,7.238909763964664,1
67,43522.80144089826,631.4791121562789,0.24946933370004143,0,0,9231.424710458567,6.238660742586191,0
57,94883.40295007039,603.7579340740738,0.1541412836869436,0,3,18058.042529653063,0.0,0
23,58627.503878288524,586.6868665491626,0.4351228831405397,0,2,11712.870184121779,10.197386182388128,0
53,76090.34806705447,804.8234290793405,0.30343720694602805,0,0,13908.225860135612,5.221716410089886,0
48,80425.7542580174,680.7981682424487,0.18977136115711757,1,0,23538.10184772958,0.8027055928688416,0
67,74184.71726576576,663.1827345046439,0.287451663040054,0,0,26514.09862102795,4.542580360453883,0
28,62272.287058685775,716.3193174945726,0.38589584671587407,0,4,16938.950733615577,3.6679530047638873,1
54,52785.0604501834,720.030957780618,0.3234609045923974,1,0,29678.303935055374,2.529045187434838,0
55,58275.13731741647,763.9119240279816,0.3429192497324732,1,0,10272.864090628893,9.25037081543039,0
52,104129.29831322192,624.2253789974926,0.3251057909588371,0,1,4801.013949996794,1.5747000817313443,1
44,43353.339071773524,710.2041662654615,0.1667773068270703,0,3,6636.748134841926,6.738584634012808,0
34,47018.916550925846,611.6619517736879,0.4338210251916237,0,0,9245.932078861577,0.6347272397567973,1
52,45921.27942140715,665.7381542195953,0.1150104607541681,1,0,6871.067658837204,5.852415627629146,0
66,68393.84699794163,684.255692537154,0.37538438895337306,1,0,40211.53917896246,7.06169072499191,1
63,26882.363750304852,691.5862996789295,0.3938685105794534,1,0,4497.792124035752,7.069353120345801,0
36,31161.00359664017,688.2740829385393,0.2936187555464981,1,1,29374.28903396913,6.323224554828958,1
24,58476.12917601855,740.1373236908689,0.3624107028566668,0,1,19748.71150892725,5.043939001048318,1
57,32805.61386754406,635.2258706768171,0.2867437436911735,1,1,22246.0046691791,1.7436233942915988,1
41,34843.217267929955,693.6255704677603,0.36385942437093377,0,0,10942.702872895352,1.7897928426125063,0
34,32993.289765926515,623.08213703597,0.43915070522226857,0,0,23254.52724894684,7.195315205647452,0
51,43834.707271666775,850.0,0.22494482883375966,0,0,10860.814449293017,0.9543646519856841,0
68,83281.16266676015,611.5351761677277,0.40087578307427635,2,0,29227.661820284462,0.03717028940382061,1
38,88892.69890302706,627.4510509241584,0.5230877602865733,2,2,30055.13477854234,11.71907926365407,1
27,112975.02233046514,746.198605775984,0.35174783150412325,0,0,18651.380631340784,4.961132411940197,1
30,112059.04646283697,647.7901142374131,0.25962749306943056,1,0,19306.358946457214,8.540058744285385,0
27,84657.81774701117,746.2284595775772,0.5915879406902642,1,0,24327.238994268337,9.493952851542693,0
53,90691.9418700258,691.4766945294414,0.33064474868537086,0,0,23816.094280577872,6.204507976525715,1
43,68277.55226714796,649.7608050084657,0.34778358845634527,0,0,30241.46373133616,4.492893148561431,1
41,77996.62130030672,623.5433488156417,0.3502849051440328,1,2,29958.45925210299,4.560859130782511,1
39,113590.07620457927,620.8372578772345,0.3737435993119137,0,0,19711.590693208844,12.432122289075647,0
68,74280.32170142076,650.5759248115444,0.27933500654612176,0,1,15227.755150450557,3.7647686754881673,0
39,93830.964463631,666.9202761241402,0.3427989032845005,1,0,28116.197878614767,6.705727383067879,0
56,41641.20978553723,617.6089067432094,0.4342620492124124,2,0,18437.142511125658,8.709276586396445,1
49,48344.031893544314,671.8075677360091,0.2751918774518293,0,3,21137.439422865253,7.002839111429668,0
38,72801.73994487419,597.9413530498995,0.2696007227447965,1,0,25303.162238510904,10.337534525043225,1
22,68748.29175158478,736.6925912447264,0.2849498629437618,0,1,29755.569720753578,4.453535945348845,0
21,49501.6453148776,751.0521799594974,0.1882672618418981,0,0,22608.48141908286,8.693400757636281,0
67,125184.43959828047,627.1756107343601,0.23805926457781185,0,1,14128.020541261132,0.0,0
25,69314.85259787165,622.9870208663584,0.23317040916318854,0,2,37970.103438644495,11.387661855479982,0
40,53931.87369538345,693.3437605257404,0.31993729715983665,1,2,35303.41811543412,10.492600401926795,0
31,68790.47068401576,774.9024569773674,0.42033747868469207,0,2,9819.966427475014,4.782296084780626,1
62,65635.66756529087,791.499774818988,0.49444569162553664,0,1,10882.284230756326,7.75535374702576,0
22,69695.0636972772,574.79429575728,0.32686263406302374,0,0,12139.86518140926,9.564259877849882,0
23,25157.074616224178,755.4728622238642,0.37477637017144494,2,1,28485.508917148105,1.8489882882433157,0
43,97298.66741417164,675.3834996548604,0.34920725670892344,0,1,38351.431917235,5.421895617749251,1
32,98720.73551097876,676.8357724654599,0.06878732537520099,0,0,14937.267328287831,0.7770000910337913,0
40,101758.01930091214,717.853427423792,0.18225309057676714,0,0,21692.68357915573,10.553665705441507,0
25,73135.79396340744,643.9281897187914,0.41135171493976874,1,2,12473.941397340805,9.291042483316657,0
57,81562.02650411289,762.2525474081228,0.4230182206303495,0,0,37001.92764882957,4.876204335408621,1
58,43344.32629981876,786.7971703827355,0.42027296301439643,0,0,28248.28341876483,4.412346803382445,0
50,85822.48321493473,789.5963208151428,0.29866256186439333,0,2,11753.644360961405,5.404173756660212,0
29,71294.69267234848,541.706390880104,0.08061986472788304,1,0,2000.0,2.4109706596965346,0
54,53489.834609018944,662.7757048453677,0.19657700171849934,0,0,30375.87057761567,5.303849694554055,0
64,86618.61729102102,534.8577061394182,0.21493905852234058,0,1,14275.151937855728,1.8490768880630535,0
55,87586.22590227751,622.6039953542494,0.39545222949088543,0,0,28427.32169210926,9.593324464715364,0
42,66515.22089187332,500.18758466527566,0.2771154684300085,0,1,22936.903368504143,10.547742826218379,0
64,75959.56450321007,713.7699975979615,0.5228480609756502,1,0,2000.0,9.780771952051195,0
44,39207.07470166098,696.448222668513,0.49611660054329093,0,0,11932.23268192972,1.223200642055664,0
37,96079.58593035895,647.5549170082426,0.5208438135465036,2,0,16458.553127139217,5.166196886922788,1
30,42529.67029912746,620.6638917087274,0.2100184407628134,2,3,13242.10010748672,8.338916364570153,1
50,47364.35879802061,703.5523718265252,0.37890694545698855,0,0,21161.68284885385,9.07503214888365,0
66,66557.89113576342,604.1433446471677,0.26269710932745566,1,0,24013.814461513186,0.0,0
43,92862.90710546149,599.0403413924505,0.35934461818799485,1,0,37893.5993750708,8.961958401642132,1
52,92848.71583039152,589.8187848548969,0.2233263508707248,2,0,24722.134768764678,1.026927165442844,1
37,64879.38445237174,664.7119301946013,0.46713876410617466,0,0,34911.010657198756,5.384142477454201,0
37,84325.33405634528,636.3269322850427,0.22556821397553373,0,0,15231.832144587053,11.029950630357822,1
34,22773.5387667776,651.1821486152247,0.08633131703946831,0,1,31652.134135136752,10.488281379586986,0
29,47017.00024676118,719.1356555014049,0.5640536978891794,1,0,16188.019095100713,11.30452075899122,0
60,47526.23901340997,752.2472453644624,0.37309960154815164,0,2,10829.831985243787,1.7349185144515946,1
22,96305.32274399544,788.7860588671914,0.19170478826982465,0,1,10407.232417887646,2.7228388576943234,0
65,81366.3540727002,684.5102733476219,0.30052746619170356,0,0,2000.0,3.7487958298480017,0
45,69616.31939761502,706.0691826922077,0.2507771486339739,0,0,28540.82622940158,5.414237685141229,0
59,72043.37659573436,694.1634767848185,0.32068897361653276,0,1,7098.0496365999115,6.8668045792262715,1
29,104208.4819007531,554.4360725889572,0.4163337003097785,0,1,34081.45234613717,11.10901980389636,1
42,60745.50833733621,652.2727208021685,0.3974934911484357,0,0,18257.79497679459,2.285551467324023,0
63,32148.317286649006,652.6176332944502,0.3504474824610217,2,3,4451.3525186524075,3.4845872538288645,1
66,92179.87960988261,641.6890380672792,0.3206303735971411,0,0,8822.698369595246,11.694564280146917,0
24,69545.97593012651,676.9295503535872,0.44944049090336124,1,0,21906.349423143307,1.363808494237877,1
46,88841.79195414453,663.5389585089254,0.08894501379957279,0,0,2000.0,8.90740999628201,0
49,63880.879815337306,606.0254927056206,0.23012807680874744,0,3,25899.450069543633,5.645408868809208,1
65,44032.76190740267,668.673053461471,0.2025604600092599,1,1,4836.677119405496,7.552294935145701,1
54,75070.54302707443,632.0712202186227,0.440750932760347,1,2,12610.236681354767,2.75451558790882,0
43,65254.37676853576,483.55679548123305,0.23130888611858347,0,0,21987.203353748908,8.828705149655454,0
57,69623.55707186022,575.2198309767152,0.16568535292514622,2,0,24676.10690173198,3.3831661218691664,1
31,105414.2623529354,686.6685744359809,0.3859193055340319,2,0,27977.19796260937,0.32160414617609057,0
26,37532.43806538249,761.8918485615582,0.21095029029083298,3,2,6934.539864869132,7.920156604840269,1
38,72147.96651189956,497.9597556741301,0.2779128220989971,0,0,16915.472069878248,0.0,0
41,44525.08274603308,614.7206274684756,0.6057372681058038,0,0,30929.995019841248,3.7279927195268776,1
62,18000.0,712.359037549607,0.4144566264804168,0,0,16917.880339838695,7.164552392141085,1
56,63775.8702744444,745.8646597814876,0.294675127110239,0,2,22942.744512044625,9.03112057749564,0
61,65775.57342499518,648.4914828817987,0.305464624886698,0,0,21624.392584440684,10.906076785006203,1
58,80588.05257376897,628.7913231184198,0.4288985103465766,1,0,33012.37151291159,13.1101795339106,0
54,59561.48128540141,771.4783062417645,0.3995444516125557,0,0,15340.90805824379,11.886992878875258,0
37,27774.991121900704,739.7069529498926,0.32907193873411245,0,4,6100.510712969644,6.766191813995729,1
57,44439.21056862843,744.3963798557012,0.3324271930687309,0,2,10321.281098641013,10.502471109331541,0
45,97923.9709171676,644.8951998131942,0.14241818234744338,1,1,21888.43979983522,6.7044524704380954,0
58,44084.30176773422,763.5270678262759,0.11719873399172762,0,0,4304.592536699427,8.743622505849073,0
32,104580.63824231266,534.1198450352216,0.29878132690717946,1,0,14555.860149325275,3.6026143392434125,1
43,91249.60731428457,764.842256874426,0.24400577775846266,0,3,20754.16392974198,7.848303263992561,1
62,57055.48489159826,675.0100884918583,0.3903294841208436,1,0,12334.07895356592,4.107015110890422,0
42,46773.02092243252,689.6700643435861,0.3436615692566751,3,0,23268.53247753334,5.3058237099130405,1
41,91197.82422826446,609.1060506441893,0.22726707278067443,0,0,27244.117623482853,7.860915585837854,1
47,58977.218872659505,543.9480238918887,0.33958381513956293,3,3,24549.085999526742,14.365516309564665,1
51,26358.74650750104,688.0778110843798,0.26981206573340927,0,0,4524.950399477722,7.5790816012007864,0
26,79057.91551558145,721.3545912193548,0.5679921653616835,0,1,20791.82187569627,5.953168265949992,1
47,75431.58619645465,732.7019288614074,0.3663490758755549,0,2,21574.4230683875,2.6728951612163985,1
60,93442.65506786945,724.608394686844,0.13272716155604858,0,0,16190.698817875074,9.584806338682544,0
54,73739.87498400743,707.6121271290093,0.5384618120263498,1,0,23133.110128563716,4.658160012361813,1
32,51271.325573857066,610.716017285528,0.24402211952513003,0,4,22774.245757456072,7.496610635948304,1
65,96741.97099005335,737.5607054390025,0.2030315611063797,0,3,19091.24763137033,8.807769035201613,0
27,99174.76081697107,602.3283239393504,0.5772423983052225,0,2,9957.283219866804,11.056436434250008,1
30,70830.14909963019,763.0298177048851,0.36150039893546765,0,1,19733.790476998674,9.369489916078617,0
65,66508.0478633243,673.7013598395371,0.4040919208646582,0,0,38669.30927674413,1.106167869973742,1
37,31918.224422372376,676.1968085100888,0.40796721390465807,1,3,16076.929709843074,0.0,1
46,49811.841441338096,744.9444963728827,0.29528123405146356,0,0,30473.054581760065,8.805886866607032,0
41,84019.24104898385,755.1101469150605,0.2513113675776416,0,2,20388.57020567621,6.344017580639988,0
48,51067.99249093248,737.7979009212604,0.2708891054074712,0,3,11992.710246636416,7.5658783714815065,1
66,28579.053265166935,618.4656612833248,0.513063953509284,0,1,17034.033017806196,12.879030304604392,1
22,152396.94474000248,737.2002162828915,0.344454506384817,0,2,19831.296262918986,3.5336476431579826,0
63,28414.85103933279,618.8907792522164,0.47754980476593634,1,2,26552.114662789052,11.165636972516616,1
21,121418.78491085293,739.0926051295744,0.3108265847325802,0,0,43800.45448819329,3.573347024280615,1
56,57314.413885043505,573.1127602953302,0.2293539707187507,0,1,20546.646060142735,12.261074970364266,1
46,62885.92502140479,672.9739953546226,0.1469340231358335,0,0,7691.407687084433,9.002073936630214,0
49,48193.043195310034,618.4331645370746,0.3977603822184848,0,1,3454.2259872181603,0.0,1
41,84570.9291184473,745.2451739336019,0.5232917694094368,1,0,15782.154306717339,4.3308852112974865,0
31,29005.644672247894,763.637508056676,0.2136832390104199,0,0,8719.12100016713,13.662672233862088,1
60,18991.7740941457,694.9247385343949,0.38160470823656245,0,2,25579.062975392637,13.160767269514569,0
31,105254.28823446516,692.4581857953414,0.15492611411830992,1,4,25652.557235064152,8.416885555952412,1
56,44900.69002982556,732.8132841860852,0.25331639875257306,0,0,18540.245676923132,7.416938938116832,0
69,83652.2029884921,764.0836159961839,0.3521524142449457,0,1,26573.86437899604,6.958938690565795,0
59,37863.59807759459,682.7983380996621,0.11260470971955175,0,1,20647.593477692022,7.748110627613807,0
60,82710.52607236455,642.5243506289014,0.3178372096724741,0,3,38675.737953683565,5.436798161433951,1
55,107088.66246946125,728.5450614830366,0.21959594318994252,2,0,26261.249463550335,10.844077037496806,0
54,51821.96536462209,540.5954471679747,0.3925711070885929,0,1,28956.170761482696,8.311399458671676,1
67,18000.0,748.2238654669119,0.30015192294157644,1,3,5518.725891797616,2.1385788578574743,1
44,107219.84783274762,626.7359787918716,0.43273268233610995,0,0,8287.645527707617,8.619967151448444,0
42,88156.10803812229,661.9829100295664,0.28644820559062223,1,3,24788.384261044732,6.659936724518652,0
25,53160.7191557173,748.7038492338734,0.1565144576204589,0,3,4507.7649179367,4.750152595300956,0
53,59551.19866828385,648.8367862707731,0.14156479027564817,0,3,13755.241571248978,13.594107413424272,1
56,37233.69509375785,728.5556658931102,0.09091885957304371,0,0,31794.126130883877,6.415082084323034,0
67,100506.423311049,765.4181565555812,0.3959549399131987,0,0,13541.442002945383,0.0,0
40,51632.109804733875,688.252481753563,0.6269277103122792,0,2,7902.672937128895,5.03464851010695,1
39,29532.286561313165,703.3586116868534,0.3722285764622158,1,0,26675.43311305815,9.9739538769957,1
55,70341.14703781178,671.042309454221,0.520645625840521,2,1,40735.32246040845,2.2941004806641536,1
63,43499.665960536506,688.669849779779,0.4560287948946824,0,0,11913.548431374616,9.83802068259857,1
37,39249.6356034223,596.2696415037476,0.2577996788151097,0,0,32240.257981428367,2.009245614540602,0
65,54247.51990595136,657.9696435081444,0.47183791771887507,1,0,10668.25033435462,11.346694654873211,0
63,67158.88288750927,583.384579476311,0.2625710370184982,0,1,18875.322188929866,3.7097326433828237,0
54,30472.256102131323,612.5924581604451,0.2649550556553969,3,0,19308.670602988535,4.5928348474279375,1
29,99628.72313030809,529.7788234495878,0.2949689208876428,0,1,12180.182599180338,4.296300832077328,0
46,81928.9928016447,699.7946115128665,0.30065623732074437,0,1,28753.95311548138,8.38981070486715,0
22,55865.92523068172,806.870162403306,0.3993643355823377,0,1,4602.790894758948,13.376478206724496,0
29,42416.41284257505,645.7920698644572,0.23949359169310336,0,1,21950.47610159079,6.059333551858878,0
29,62769.36367708339,752.3850192929285,0.42669233342995727,0,0,30741.645781929277,5.956383387401753,0
60,87485.87601889305,764.4269612012687,0.4249692899637765,2,0,27921.63469244204,3.7069256558431296,1
37,83614.60067999197,590.0647074238797,0.3611556238933382,3,0,24912.150607856576,0.0,1
21,91462.60751127945,606.2154561731884,0.5527534290328934,0,1,35852.99393201338,4.105907794385425,1
45,52990.56272549195,754.3098566264156,0.474487117838997,0,1,17803.826329193143,0.9639895082649197,0
63,18000.0,673.074397775611,0.4483675148240558,0,0,4752.738513832759,0.0,0
60,96195.27994790618,583.1908350387056,0.32793840494519017,1,0,21352.06885571953,5.692014748192167,0
62,60820.0964231912,632.2355309803545,0.3622119365377191,0,1,18742.376894453097,3.829619166501817,0
45,81654.15163679155,711.4745183609049,0.38285688357053044,0,0,2000.0,11.506289733294247,0
59,106730.71886600755,620.4547494421374,0.3215889648233126,0,3,8748.987394916127,2.5775911127690363,0
55,125860.21583094203,471.9097350924204,0.2749316647629835,0,0,7473.739636830462,8.681469623494076,0
23,48754.46304647948,655.8490117094123,0.05,3,3,11854.670744871508,8.603290609675156,1
57,68348.99767914112,661.9255104608603,0.4061318490949788,0,0,16488.25735901307,11.348532380798325,0
64,99170.91151513613,680.6919825608245,0.4449736660260025,0,0,16871.26038795608,5.2630968278915375,1
64,43893.024536925106,774.4162529967148,0.1806657372611797,0,0,12211.952713966108,11.276169733445037,0
50,50447.2101552393,684.0142098424284,0.392620237966459,0,0,7460.614587663282,8.243786792400329,0
58,50299.03553852813,698.2203015819281,0.24901679860189713,0,0,23774.517087590764,10.557138520891433,0
54,64297.74216479944,759.1652730237065,0.2760164981111512,0,0,21165.718612226807,15.576626970003908,0
32,59496.90799275075,680.7758011876822,0.4772912632836025,0,1,21466.714986570412,5.507106348285074,1
39,50155.116943591886,840.2390558967577,0.20112387317431835,0,0,37790.1121933423,6.683238095272002,1
57,40856.06460984351,585.2218779515748,0.2009422653568136,0,2,21628.740535397857,4.552735643981231,0
64,85298.50820988229,609.9389215169117,0.5365801238772798,0,0,16333.422277195006,12.169238550663827,0
69,98445.77552415292,726.0468806203111,0.302533196175634,1,3,18941.940075788283,16.41861109160736,1
37,102067.86985431037,774.0735149703979,0.4695854711877281,0,1,20988.192211795842,8.936660408215072,0
30,52973.161065387896,664.9403752348531,0.12815565658052788,0,0,26157.93348211364,0.0,0
69,86343.11680643194,604.2034121907946,0.13776760764909765,0,0,19552.795731573595,2.467560218053033,0
67,70908.14756819438,812.0742188919014,0.2104466581305895,0,0,2000.0,10.638359592573902,0
